order_id,customer_id,order_date,order_value,category,bought_again_90d,order_month,weekday,order_value_avg,total_gasto_cliente,total_pedidos_cliente,diff_days,freq_media_dias_cliente,num_categorias_cliente
928,1,2023-03-28,124.88,Fashion,0,3,Tuesday,224.0275,1792.22,8,,89.57142857142857,5
138,1,2023-06-28,363.44,Home,0,6,Wednesday,224.0275,1792.22,8,92.0,89.57142857142857,5
742,1,2023-08-10,170.32,Electronics,1,8,Thursday,224.0275,1792.22,8,43.0,89.57142857142857,5
491,1,2024-01-09,149.28,Electronics,0,1,Tuesday,224.0275,1792.22,8,152.0,89.57142857142857,5
826,1,2024-01-22,218.13,Electronics,0,1,Monday,224.0275,1792.22,8,13.0,89.57142857142857,5
537,1,2024-06-10,245.75,Electronics,0,6,Monday,224.0275,1792.22,8,140.0,89.57142857142857,5
710,1,2024-10-31,155.57,Books,0,10,Thursday,224.0275,1792.22,8,143.0,89.57142857142857,5
951,1,2024-12-14,364.85,Sports,0,12,Saturday,224.0275,1792.22,8,44.0,89.57142857142857,5
543,2,2023-06-10,124.26,Sports,0,6,Saturday,279.428,1397.14,5,,122.25,4
219,2,2023-07-01,412.98,Home,0,7,Saturday,279.428,1397.14,5,21.0,122.25,4
282,2,2024-04-21,134.75,Electronics,0,4,Sunday,279.428,1397.14,5,295.0,122.25,4
20,2,2024-09-15,235.41,Fashion,1,9,Sunday,279.428,1397.14,5,147.0,122.25,4
74,2,2024-10-11,489.74,Sports,0,10,Friday,279.428,1397.14,5,26.0,122.25,4
188,3,2023-12-12,142.71,Books,1,12,Tuesday,301.3066666666667,1807.8400000000001,6,,54.2,4
843,3,2024-01-21,275.68,Sports,0,1,Sunday,301.3066666666667,1807.8400000000001,6,40.0,54.2,4
816,3,2024-03-05,451.45,Electronics,0,3,Tuesday,301.3066666666667,1807.8400000000001,6,44.0,54.2,4
746,3,2024-04-28,76.47,Electronics,1,4,Sunday,301.3066666666667,1807.8400000000001,6,54.0,54.2,4
250,3,2024-05-15,481.6,Books,0,5,Wednesday,301.3066666666667,1807.8400000000001,6,17.0,54.2,4
970,3,2024-09-08,379.93,Fashion,0,9,Sunday,301.3066666666667,1807.8400000000001,6,116.0,54.2,4
358,4,2023-02-22,334.75,Fashion,1,2,Wednesday,215.51749999999998,862.0699999999999,4,,196.33333333333334,3
539,4,2024-05-30,79.86,Home,0,5,Thursday,215.51749999999998,862.0699999999999,4,463.0,196.33333333333334,3
829,4,2024-06-19,28.64,Home,0,6,Wednesday,215.51749999999998,862.0699999999999,4,20.0,196.33333333333334,3
78,4,2024-10-03,418.82,Electronics,0,10,Thursday,215.51749999999998,862.0699999999999,4,106.0,196.33333333333334,3
921,5,2023-01-22,429.99,Books,1,1,Sunday,297.98333333333335,1787.9,6,,106.4,3
455,5,2023-03-14,80.11,Books,0,3,Tuesday,297.98333333333335,1787.9,6,51.0,106.4,3
789,5,2023-03-25,374.27,Books,0,3,Saturday,297.98333333333335,1787.9,6,11.0,106.4,3
673,5,2023-04-25,400.02,Sports,0,4,Tuesday,297.98333333333335,1787.9,6,31.0,106.4,3
118,5,2023-10-22,233.32,Home,0,10,Sunday,297.98333333333335,1787.9,6,180.0,106.4,3
139,5,2024-07-07,270.19,Books,1,7,Sunday,297.98333333333335,1787.9,6,259.0,106.4,3
458,6,2023-01-17,253.29,Fashion,1,1,Tuesday,211.13,844.52,4,,158.33333333333334,3
367,6,2023-02-28,104.91,Sports,1,2,Tuesday,211.13,844.52,4,42.0,158.33333333333334,3
890,6,2023-03-31,101.88,Fashion,0,3,Friday,211.13,844.52,4,31.0,158.33333333333334,3
811,6,2024-05-06,384.44,Home,0,5,Monday,211.13,844.52,4,402.0,158.33333333333334,3
663,7,2023-02-06,30.58,Electronics,0,2,Monday,84.99666666666667,254.99,3,,285.5,3
276,7,2023-11-14,50.29,Fashion,1,11,Tuesday,84.99666666666667,254.99,3,281.0,285.5,3
969,7,2024-08-30,174.12,Books,0,8,Friday,84.99666666666667,254.99,3,290.0,285.5,3
952,8,2023-02-04,477.94,Electronics,0,2,Saturday,313.6455555555556,2822.81,9,,82.25,5
345,8,2023-03-23,226.56,Fashion,1,3,Thursday,313.6455555555556,2822.81,9,47.0,82.25,5
451,8,2023-07-20,480.72,Books,0,7,Thursday,313.6455555555556,2822.81,9,119.0,82.25,5
757,8,2023-07-29,82.32,Sports,0,7,Saturday,313.6455555555556,2822.81,9,9.0,82.25,5
1000,8,2023-11-14,213.87,Home,1,11,Tuesday,313.6455555555556,2822.81,9,108.0,82.25,5
903,8,2024-02-20,492.24,Sports,0,2,Tuesday,313.6455555555556,2822.81,9,98.0,82.25,5
575,8,2024-03-04,373.04,Books,0,3,Monday,313.6455555555556,2822.81,9,13.0,82.25,5
66,8,2024-07-03,97.94,Books,0,7,Wednesday,313.6455555555556,2822.81,9,121.0,82.25,5
422,8,2024-11-23,378.18,Books,0,11,Saturday,313.6455555555556,2822.81,9,143.0,82.25,5
106,9,2023-06-14,437.07,Sports,0,6,Wednesday,290.692,1453.46,5,,139.75,4
659,9,2023-09-08,168.18,Books,0,9,Friday,290.692,1453.46,5,86.0,139.75,4
289,9,2024-01-06,397.41,Fashion,0,1,Saturday,290.692,1453.46,5,120.0,139.75,4
627,9,2024-02-23,152.35,Home,1,2,Friday,290.692,1453.46,5,48.0,139.75,4
56,9,2024-12-24,298.45,Home,0,12,Tuesday,290.692,1453.46,5,305.0,139.75,4
528,10,2023-06-01,427.06,Sports,0,6,Thursday,269.435,538.87,2,,5.0,2
785,10,2023-06-06,111.81,Electronics,0,6,Tuesday,269.435,538.87,2,5.0,5.0,2
269,11,2023-12-26,64.61,Fashion,0,12,Tuesday,117.88499999999999,235.76999999999998,2,,244.0,2
796,11,2024-08-26,171.16,Sports,0,8,Monday,117.88499999999999,235.76999999999998,2,244.0,244.0,2
208,12,2023-01-29,323.37,Sports,0,1,Sunday,279.02125,2232.17,8,,79.28571428571429,3
558,12,2023-02-08,357.41,Electronics,1,2,Wednesday,279.02125,2232.17,8,10.0,79.28571428571429,3
749,12,2023-07-11,494.44,Electronics,1,7,Tuesday,279.02125,2232.17,8,153.0,79.28571428571429,3
568,12,2023-09-23,378.04,Fashion,0,9,Saturday,279.02125,2232.17,8,74.0,79.28571428571429,3
846,12,2024-01-30,124.85,Fashion,0,1,Tuesday,279.02125,2232.17,8,129.0,79.28571428571429,3
123,12,2024-02-26,384.49,Fashion,0,2,Monday,279.02125,2232.17,8,27.0,79.28571428571429,3
930,12,2024-06-20,41.31,Electronics,1,6,Thursday,279.02125,2232.17,8,115.0,79.28571428571429,3
604,12,2024-08-06,128.26,Electronics,0,8,Tuesday,279.02125,2232.17,8,47.0,79.28571428571429,3
468,13,2023-08-17,284.04,Electronics,0,8,Thursday,285.836,1429.18,5,,72.75,2
607,13,2023-11-06,250.83,Electronics,0,11,Monday,285.836,1429.18,5,81.0,72.75,2
414,13,2024-04-20,446.91,Electronics,0,4,Saturday,285.836,1429.18,5,166.0,72.75,2
159,13,2024-05-31,211.95,Home,0,5,Friday,285.836,1429.18,5,41.0,72.75,2
989,13,2024-06-03,235.45,Electronics,0,6,Monday,285.836,1429.18,5,3.0,72.75,2
55,14,2023-04-28,487.09,Fashion,1,4,Friday,379.576,1897.88,5,,103.5,4
959,14,2023-06-08,438.37,Books,0,6,Thursday,379.576,1897.88,5,41.0,103.5,4
739,14,2024-02-16,194.57,Electronics,0,2,Friday,379.576,1897.88,5,253.0,103.5,4
85,14,2024-02-23,471.62,Sports,0,2,Friday,379.576,1897.88,5,7.0,103.5,4
965,14,2024-06-15,306.23,Books,0,6,Saturday,379.576,1897.88,5,113.0,103.5,4
101,15,2023-12-15,464.32,Fashion,0,12,Friday,276.75857142857143,1937.31,7,,53.333333333333336,5
977,15,2024-02-22,86.66,Fashion,0,2,Thursday,276.75857142857143,1937.31,7,69.0,53.333333333333336,5
4,15,2024-02-29,298.12,Fashion,1,2,Thursday,276.75857142857143,1937.31,7,7.0,53.333333333333336,5
36,15,2024-04-12,287.91,Home,0,4,Friday,276.75857142857143,1937.31,7,43.0,53.333333333333336,5
447,15,2024-05-05,25.01,Sports,0,5,Sunday,276.75857142857143,1937.31,7,23.0,53.333333333333336,5
88,15,2024-08-03,297.05,Electronics,0,8,Saturday,276.75857142857143,1937.31,7,90.0,53.333333333333336,5
144,15,2024-10-30,478.24,Books,0,10,Wednesday,276.75857142857143,1937.31,7,88.0,53.333333333333336,5
540,16,2023-12-15,204.98,Fashion,0,12,Friday,156.03,468.09,3,,87.5,2
500,16,2024-05-03,184.34,Electronics,0,5,Friday,156.03,468.09,3,140.0,87.5,2
751,16,2024-06-07,78.77,Fashion,1,6,Friday,156.03,468.09,3,35.0,87.5,2
612,17,2023-04-17,43.92,Sports,0,4,Monday,222.344,1111.72,5,,139.75,3
983,17,2023-09-25,274.4,Fashion,0,9,Monday,222.344,1111.72,5,161.0,139.75,3
362,17,2023-10-07,214.3,Fashion,0,10,Saturday,222.344,1111.72,5,12.0,139.75,3
401,17,2024-08-10,336.17,Home,0,8,Saturday,222.344,1111.72,5,308.0,139.75,3
886,17,2024-10-27,242.93,Sports,0,10,Sunday,222.344,1111.72,5,78.0,139.75,3
51,18,2023-10-27,250.35,Home,0,10,Friday,298.2966666666667,894.89,3,,183.0,2
974,18,2024-05-26,446.26,Home,0,5,Sunday,298.2966666666667,894.89,3,212.0,183.0,2
384,18,2024-10-27,198.28,Sports,0,10,Sunday,298.2966666666667,894.89,3,154.0,183.0,2
477,19,2023-02-13,342.3,Home,0,2,Monday,282.1625,1128.65,4,,227.66666666666666,3
696,19,2023-07-10,384.04,Books,0,7,Monday,282.1625,1128.65,4,147.0,227.66666666666666,3
689,19,2024-11-11,190.87,Books,0,11,Monday,282.1625,1128.65,4,490.0,227.66666666666666,3
620,19,2024-12-27,211.44,Fashion,0,12,Friday,282.1625,1128.65,4,46.0,227.66666666666666,3
420,20,2023-12-29,42.96,Sports,1,12,Friday,246.80499999999998,493.60999999999996,2,,51.0,2
734,20,2024-02-18,450.65,Home,1,2,Sunday,246.80499999999998,493.60999999999996,2,51.0,51.0,2
48,21,2023-01-26,300.64,Fashion,1,1,Thursday,252.84714285714284,1769.9299999999998,7,,82.83333333333333,4
590,21,2023-03-02,375.19,Electronics,1,3,Thursday,252.84714285714284,1769.9299999999998,7,35.0,82.83333333333333,4
325,21,2023-03-19,58.38,Electronics,0,3,Sunday,252.84714285714284,1769.9299999999998,7,17.0,82.83333333333333,4
27,21,2023-05-17,192.44,Sports,0,5,Wednesday,252.84714285714284,1769.9299999999998,7,59.0,82.83333333333333,4
8,21,2023-10-09,169.83,Home,1,10,Monday,252.84714285714284,1769.9299999999998,7,145.0,82.83333333333333,4
920,21,2023-11-10,277.76,Electronics,0,11,Friday,252.84714285714284,1769.9299999999998,7,32.0,82.83333333333333,4
348,21,2024-06-06,395.69,Sports,1,6,Thursday,252.84714285714284,1769.9299999999998,7,209.0,82.83333333333333,4
30,22,2023-02-09,191.23,Fashion,1,2,Thursday,132.725,530.9,4,,223.66666666666666,3
339,22,2023-05-27,112.06,Books,0,5,Saturday,132.725,530.9,4,107.0,223.66666666666666,3
925,22,2024-11-30,156.76,Sports,0,11,Saturday,132.725,530.9,4,553.0,223.66666666666666,3
505,22,2024-12-11,70.85,Fashion,0,12,Wednesday,132.725,530.9,4,11.0,223.66666666666666,3
527,23,2023-06-08,271.6,Electronics,0,6,Thursday,357.4375,1429.75,4,,148.66666666666666,4
608,23,2023-08-31,228.89,Fashion,0,8,Thursday,357.4375,1429.75,4,84.0,148.66666666666666,4
484,23,2024-08-14,489.63,Sports,0,8,Wednesday,357.4375,1429.75,4,349.0,148.66666666666666,4
818,23,2024-08-27,439.63,Books,0,8,Tuesday,357.4375,1429.75,4,13.0,148.66666666666666,4
371,24,2023-04-25,84.23,Fashion,0,4,Tuesday,315.144,1575.72,5,,118.25,3
391,24,2023-05-26,435.04,Books,0,5,Friday,315.144,1575.72,5,31.0,118.25,3
238,24,2023-07-29,346.46,Fashion,0,7,Saturday,315.144,1575.72,5,64.0,118.25,3
541,24,2024-02-01,328.82,Fashion,0,2,Thursday,315.144,1575.72,5,187.0,118.25,3
95,24,2024-08-10,381.17,Home,0,8,Saturday,315.144,1575.72,5,191.0,118.25,3
990,25,2023-04-10,60.51,Books,0,4,Monday,178.102,890.51,5,,147.5,3
385,25,2024-03-17,147.61,Home,0,3,Sunday,178.102,890.51,5,342.0,147.5,3
987,25,2024-07-05,353.54,Fashion,0,7,Friday,178.102,890.51,5,110.0,147.5,3
639,25,2024-09-01,289.76,Books,0,9,Sunday,178.102,890.51,5,58.0,147.5,3
908,25,2024-11-20,39.09,Fashion,1,11,Wednesday,178.102,890.51,5,80.0,147.5,3
949,26,2023-02-28,343.81,Fashion,0,2,Tuesday,362.8175,1451.27,4,,183.66666666666666,4
798,26,2023-10-30,347.2,Home,0,10,Monday,362.8175,1451.27,4,244.0,183.66666666666666,4
939,26,2023-11-05,344.2,Sports,0,11,Sunday,362.8175,1451.27,4,6.0,183.66666666666666,4
409,26,2024-09-01,416.06,Electronics,0,9,Sunday,362.8175,1451.27,4,301.0,183.66666666666666,4
142,27,2023-01-15,450.42,Home,0,1,Sunday,164.22833333333332,985.37,6,,138.8,4
670,27,2023-08-12,129.16,Home,1,8,Saturday,164.22833333333332,985.37,6,209.0,138.8,4
802,27,2024-01-22,54.88,Sports,0,1,Monday,164.22833333333332,985.37,6,163.0,138.8,4
346,27,2024-05-28,101.92,Electronics,0,5,Tuesday,164.22833333333332,985.37,6,127.0,138.8,4
184,27,2024-07-03,193.17,Home,0,7,Wednesday,164.22833333333332,985.37,6,36.0,138.8,4
347,27,2024-12-09,55.82,Books,0,12,Monday,164.22833333333332,985.37,6,159.0,138.8,4
960,28,2023-01-24,143.21,Electronics,1,1,Tuesday,241.96444444444444,2177.68,9,,62.75,4
171,28,2023-02-16,223.77,Sports,1,2,Thursday,241.96444444444444,2177.68,9,23.0,62.75,4
629,28,2023-03-03,397.82,Electronics,0,3,Friday,241.96444444444444,2177.68,9,15.0,62.75,4
980,28,2023-07-05,102.49,Home,0,7,Wednesday,241.96444444444444,2177.68,9,124.0,62.75,4
164,28,2023-08-04,432.52,Home,1,8,Friday,241.96444444444444,2177.68,9,30.0,62.75,4
172,28,2023-11-20,61.78,Home,0,11,Monday,241.96444444444444,2177.68,9,108.0,62.75,4
766,28,2024-01-16,162.32,Electronics,1,1,Tuesday,241.96444444444444,2177.68,9,57.0,62.75,4
351,28,2024-04-15,351.98,Fashion,1,4,Monday,241.96444444444444,2177.68,9,90.0,62.75,4
120,28,2024-06-09,301.79,Electronics,0,6,Sunday,241.96444444444444,2177.68,9,55.0,62.75,4
566,29,2023-08-27,91.52,Electronics,1,8,Sunday,173.01,865.05,5,,118.75,4
157,29,2024-08-20,63.02,Fashion,0,8,Tuesday,173.01,865.05,5,359.0,118.75,4
514,29,2024-11-18,376.02,Books,0,11,Monday,173.01,865.05,5,90.0,118.75,4
674,29,2024-11-28,283.44,Fashion,1,11,Thursday,173.01,865.05,5,10.0,118.75,4
880,29,2024-12-14,51.05,Sports,1,12,Saturday,173.01,865.05,5,16.0,118.75,4
867,30,2023-03-29,156.94,Home,0,3,Wednesday,197.4433333333333,1184.6599999999999,6,,59.6,4
176,30,2023-04-05,73.91,Electronics,1,4,Wednesday,197.4433333333333,1184.6599999999999,6,7.0,59.6,4
787,30,2023-05-10,229.04,Electronics,0,5,Wednesday,197.4433333333333,1184.6599999999999,6,35.0,59.6,4
875,30,2023-11-06,254.42,Fashion,1,11,Monday,197.4433333333333,1184.6599999999999,6,180.0,59.6,4
611,30,2023-11-26,322.96,Books,1,11,Sunday,197.4433333333333,1184.6599999999999,6,20.0,59.6,4
349,30,2024-01-21,147.39,Electronics,1,1,Sunday,197.4433333333333,1184.6599999999999,6,56.0,59.6,4
393,32,2023-02-11,332.82,Books,1,2,Saturday,303.32,909.96,3,,317.0,3
833,32,2023-06-02,81.18,Home,1,6,Friday,303.32,909.96,3,111.0,317.0,3
430,32,2024-11-06,495.96,Electronics,1,11,Wednesday,303.32,909.96,3,523.0,317.0,3
334,33,2023-01-07,28.49,Home,0,1,Saturday,245.18428571428572,1716.29,7,,94.66666666666667,4
323,33,2023-04-06,262.93,Sports,1,4,Thursday,245.18428571428572,1716.29,7,89.0,94.66666666666667,4
525,33,2023-09-30,200.12,Sports,0,9,Saturday,245.18428571428572,1716.29,7,177.0,94.66666666666667,4
116,33,2024-02-06,306.31,Home,1,2,Tuesday,245.18428571428572,1716.29,7,129.0,94.66666666666667,4
552,33,2024-02-18,213.12,Books,0,2,Sunday,245.18428571428572,1716.29,7,12.0,94.66666666666667,4
791,33,2024-04-03,424.99,Books,0,4,Wednesday,245.18428571428572,1716.29,7,45.0,94.66666666666667,4
125,33,2024-07-28,280.33,Fashion,0,7,Sunday,245.18428571428572,1716.29,7,116.0,94.66666666666667,4
531,34,2023-04-08,25.3,Home,0,4,Saturday,187.60666666666668,1125.64,6,,122.4,3
933,34,2023-05-02,156.59,Electronics,0,5,Tuesday,187.60666666666668,1125.64,6,24.0,122.4,3
889,34,2023-06-15,99.12,Books,1,6,Thursday,187.60666666666668,1125.64,6,44.0,122.4,3
834,34,2023-07-25,359.69,Books,0,7,Tuesday,187.60666666666668,1125.64,6,40.0,122.4,3
998,34,2023-10-20,205.95,Electronics,0,10,Friday,187.60666666666668,1125.64,6,87.0,122.4,3
492,34,2024-12-10,278.99,Electronics,0,12,Tuesday,187.60666666666668,1125.64,6,417.0,122.4,3
133,35,2023-02-08,138.11,Sports,0,2,Wednesday,295.582,1477.91,5,,134.5,3
777,35,2024-03-05,272.21,Fashion,0,3,Tuesday,295.582,1477.91,5,391.0,134.5,3
359,35,2024-05-14,427.05,Books,0,5,Tuesday,295.582,1477.91,5,70.0,134.5,3
68,35,2024-05-25,370.8,Books,0,5,Saturday,295.582,1477.91,5,11.0,134.5,3
572,35,2024-07-30,269.74,Sports,0,7,Tuesday,295.582,1477.91,5,66.0,134.5,3
598,36,2023-03-03,301.51,Home,0,3,Friday,296.452,1482.26,5,,145.25,3
686,36,2023-12-19,159.48,Books,0,12,Tuesday,296.452,1482.26,5,291.0,145.25,3
158,36,2024-06-05,364.47,Sports,0,6,Wednesday,296.452,1482.26,5,169.0,145.25,3
418,36,2024-07-29,494.37,Sports,0,7,Monday,296.452,1482.26,5,54.0,145.25,3
950,36,2024-10-04,162.43,Home,0,10,Friday,296.452,1482.26,5,67.0,145.25,3
287,37,2023-01-18,439.2,Fashion,0,1,Wednesday,354.61,1418.44,4,,234.33333333333334,4
129,37,2023-08-13,410.61,Sports,0,8,Sunday,354.61,1418.44,4,207.0,234.33333333333334,4
603,37,2024-07-24,429.31,Home,1,7,Wednesday,354.61,1418.44,4,346.0,234.33333333333334,4
370,37,2024-12-21,139.32,Books,0,12,Saturday,354.61,1418.44,4,150.0,234.33333333333334,4
341,38,2024-01-16,252.61,Home,0,1,Tuesday,318.998,1594.99,5,,49.25,4
237,38,2024-01-21,304.55,Fashion,1,1,Sunday,318.998,1594.99,5,5.0,49.25,4
863,38,2024-02-29,494.73,Electronics,0,2,Thursday,318.998,1594.99,5,39.0,49.25,4
23,38,2024-03-21,235.73,Sports,0,3,Thursday,318.998,1594.99,5,21.0,49.25,4
975,38,2024-07-31,307.37,Fashion,1,7,Wednesday,318.998,1594.99,5,132.0,49.25,4
646,39,2023-07-14,283.19,Home,0,7,Friday,286.60625,2292.85,8,,67.42857142857143,5
981,39,2023-09-03,326.18,Books,0,9,Sunday,286.60625,2292.85,8,51.0,67.42857142857143,5
265,39,2023-12-08,373.85,Sports,0,12,Friday,286.60625,2292.85,8,96.0,67.42857142857143,5
209,39,2024-04-06,48.06,Electronics,0,4,Saturday,286.60625,2292.85,8,120.0,67.42857142857143,5
523,39,2024-05-04,315.19,Fashion,0,5,Saturday,286.60625,2292.85,8,28.0,67.42857142857143,5
838,39,2024-06-04,422.94,Electronics,0,6,Tuesday,286.60625,2292.85,8,31.0,67.42857142857143,5
407,39,2024-10-07,141.47,Books,0,10,Monday,286.60625,2292.85,8,125.0,67.42857142857143,5
697,39,2024-10-28,381.97,Sports,0,10,Monday,286.60625,2292.85,8,21.0,67.42857142857143,5
91,40,2023-11-30,310.38,Fashion,0,11,Thursday,310.38,310.38,1,,,1
768,41,2023-01-07,73.16,Fashion,1,1,Saturday,144.15,432.45,3,,304.5,2
99,41,2023-11-16,332.25,Books,0,11,Thursday,144.15,432.45,3,313.0,304.5,2
119,41,2024-09-07,27.04,Books,0,9,Saturday,144.15,432.45,3,296.0,304.5,2
274,42,2024-03-10,263.28,Books,1,3,Sunday,224.85666666666665,674.5699999999999,3,,43.0,2
146,42,2024-04-22,202.44,Sports,1,4,Monday,224.85666666666665,674.5699999999999,3,43.0,43.0,2
649,42,2024-06-04,208.85,Sports,0,6,Tuesday,224.85666666666665,674.5699999999999,3,43.0,43.0,2
405,43,2023-01-27,154.1,Sports,0,1,Friday,218.57333333333335,655.72,3,,122.5,3
894,43,2023-04-16,327.01,Electronics,0,4,Sunday,218.57333333333335,655.72,3,79.0,122.5,3
564,43,2023-09-29,174.61,Books,1,9,Friday,218.57333333333335,655.72,3,166.0,122.5,3
723,44,2023-04-23,152.69,Home,0,4,Sunday,298.588,1492.94,5,,125.0,3
174,44,2023-05-10,199.28,Books,1,5,Wednesday,298.588,1492.94,5,17.0,125.0,3
565,44,2024-03-15,325.52,Sports,0,3,Friday,298.588,1492.94,5,310.0,125.0,3
986,44,2024-06-13,413.61,Home,0,6,Thursday,298.588,1492.94,5,90.0,125.0,3
82,44,2024-09-04,401.84,Sports,0,9,Wednesday,298.588,1492.94,5,83.0,125.0,3
167,45,2023-06-06,161.73,Home,0,6,Tuesday,268.815,1075.26,4,,66.33333333333333,3
684,45,2023-06-17,240.88,Books,1,6,Saturday,268.815,1075.26,4,11.0,66.33333333333333,3
102,45,2023-08-17,230.32,Electronics,0,8,Thursday,268.815,1075.26,4,61.0,66.33333333333333,3
936,45,2023-12-22,442.33,Home,0,12,Friday,268.815,1075.26,4,127.0,66.33333333333333,3
365,46,2023-06-07,272.24,Home,1,6,Wednesday,329.328,1646.6399999999999,5,,92.0,4
932,46,2023-08-31,412.01,Fashion,0,8,Thursday,329.328,1646.6399999999999,5,85.0,92.0,4
570,46,2023-12-06,120.72,Books,0,12,Wednesday,329.328,1646.6399999999999,5,97.0,92.0,4
776,46,2024-04-26,442.31,Home,1,4,Friday,329.328,1646.6399999999999,5,142.0,92.0,4
373,46,2024-06-09,399.36,Sports,0,6,Sunday,329.328,1646.6399999999999,5,44.0,92.0,4
737,47,2023-08-21,307.09,Electronics,1,8,Monday,233.595,1868.76,8,,70.57142857142857,4
853,47,2023-12-04,415.78,Fashion,1,12,Monday,233.595,1868.76,8,105.0,70.57142857142857,4
956,47,2023-12-19,364.43,Fashion,0,12,Tuesday,233.595,1868.76,8,15.0,70.57142857142857,4
782,47,2024-05-03,221.66,Home,1,5,Friday,233.595,1868.76,8,136.0,70.57142857142857,4
462,47,2024-09-07,95.19,Books,0,9,Saturday,233.595,1868.76,8,127.0,70.57142857142857,4
940,47,2024-11-25,41.53,Home,1,11,Monday,233.595,1868.76,8,79.0,70.57142857142857,4
728,47,2024-11-30,269.69,Fashion,0,11,Saturday,233.595,1868.76,8,5.0,70.57142857142857,4
516,47,2024-12-27,153.39,Books,0,12,Friday,233.595,1868.76,8,27.0,70.57142857142857,4
496,48,2023-03-30,64.1,Fashion,1,3,Thursday,308.3875,2467.1,8,,65.71428571428571,4
87,48,2023-04-05,340.15,Books,0,4,Wednesday,308.3875,2467.1,8,6.0,65.71428571428571,4
126,48,2023-05-23,476.71,Home,1,5,Tuesday,308.3875,2467.1,8,48.0,65.71428571428571,4
284,48,2023-05-24,416.14,Electronics,1,5,Wednesday,308.3875,2467.1,8,1.0,65.71428571428571,4
356,48,2023-09-13,125.99,Electronics,1,9,Wednesday,308.3875,2467.1,8,112.0,65.71428571428571,4
326,48,2023-10-15,392.83,Fashion,1,10,Sunday,308.3875,2467.1,8,32.0,65.71428571428571,4
292,48,2024-05-16,207.7,Fashion,0,5,Thursday,308.3875,2467.1,8,214.0,65.71428571428571,4
946,48,2024-07-02,443.48,Home,0,7,Tuesday,308.3875,2467.1,8,47.0,65.71428571428571,4
738,49,2023-08-12,36.02,Electronics,1,8,Saturday,306.7675,1227.07,4,,108.0,3
361,49,2023-12-30,400.2,Sports,0,12,Saturday,306.7675,1227.07,4,140.0,108.0,3
32,49,2024-07-01,395.26,Fashion,0,7,Monday,306.7675,1227.07,4,184.0,108.0,3
443,49,2024-07-01,395.59,Electronics,0,7,Monday,306.7675,1227.07,4,0.0,108.0,3
864,50,2024-01-27,320.56,Home,0,1,Saturday,311.08500000000004,1244.3400000000001,4,,99.33333333333333,3
411,50,2024-03-30,205.45,Fashion,0,3,Saturday,311.08500000000004,1244.3400000000001,4,63.0,99.33333333333333,3
845,50,2024-08-06,235.92,Fashion,0,8,Tuesday,311.08500000000004,1244.3400000000001,4,129.0,99.33333333333333,3
71,50,2024-11-20,482.41,Sports,1,11,Wednesday,311.08500000000004,1244.3400000000001,4,106.0,99.33333333333333,3
877,51,2023-04-02,272.12,Home,1,4,Sunday,256.93125,2055.45,8,,89.0,4
918,51,2023-07-27,247.66,Sports,0,7,Thursday,256.93125,2055.45,8,116.0,89.0,4
433,51,2023-08-15,396.24,Electronics,1,8,Tuesday,256.93125,2055.45,8,19.0,89.0,4
343,51,2023-10-12,317.36,Sports,0,10,Thursday,256.93125,2055.45,8,58.0,89.0,4
827,51,2023-12-15,405.13,Sports,1,12,Friday,256.93125,2055.45,8,64.0,89.0,4
41,51,2024-08-28,130.94,Fashion,1,8,Wednesday,256.93125,2055.45,8,257.0,89.0,4
196,51,2024-09-14,223.49,Sports,0,9,Saturday,256.93125,2055.45,8,17.0,89.0,4
46,51,2024-12-15,62.51,Electronics,0,12,Sunday,256.93125,2055.45,8,92.0,89.0,4
207,52,2023-02-20,143.3,Electronics,0,2,Monday,210.545,1263.27,6,,124.2,4
466,52,2023-05-11,65.61,Sports,0,5,Thursday,210.545,1263.27,6,80.0,124.2,4
631,52,2023-08-04,198.18,Fashion,1,8,Friday,210.545,1263.27,6,85.0,124.2,4
261,52,2023-12-27,203.61,Electronics,0,12,Wednesday,210.545,1263.27,6,145.0,124.2,4
151,52,2024-03-16,316.33,Home,1,3,Saturday,210.545,1263.27,6,80.0,124.2,4
872,52,2024-11-02,336.24,Home,0,11,Saturday,210.545,1263.27,6,231.0,124.2,4
94,53,2023-05-17,496.8,Home,0,5,Wednesday,286.7325,2293.86,8,,78.42857142857143,5
452,53,2023-06-03,249.56,Fashion,0,6,Saturday,286.7325,2293.86,8,17.0,78.42857142857143,5
227,53,2023-07-21,212.57,Sports,1,7,Friday,286.7325,2293.86,8,48.0,78.42857142857143,5
819,53,2023-11-05,20.09,Home,0,11,Sunday,286.7325,2293.86,8,107.0,78.42857142857143,5
642,53,2023-11-19,390.49,Books,0,11,Sunday,286.7325,2293.86,8,14.0,78.42857142857143,5
19,53,2024-05-17,178.83,Electronics,0,5,Friday,286.7325,2293.86,8,180.0,78.42857142857143,5
58,53,2024-06-15,270.43,Home,1,6,Saturday,286.7325,2293.86,8,29.0,78.42857142857143,5
891,53,2024-11-16,475.09,Home,0,11,Saturday,286.7325,2293.86,8,154.0,78.42857142857143,5
76,54,2023-01-13,28.41,Sports,0,1,Friday,238.79666666666668,2149.17,9,,88.0,5
386,54,2023-01-29,330.12,Home,0,1,Sunday,238.79666666666668,2149.17,9,16.0,88.0,5
744,54,2023-10-05,484.52,Fashion,0,10,Thursday,238.79666666666668,2149.17,9,249.0,88.0,5
448,54,2024-05-21,142.6,Home,0,5,Tuesday,238.79666666666668,2149.17,9,229.0,88.0,5
221,54,2024-07-20,181.87,Electronics,0,7,Saturday,238.79666666666668,2149.17,9,60.0,88.0,5
317,54,2024-08-01,172.42,Books,1,8,Thursday,238.79666666666668,2149.17,9,12.0,88.0,5
79,54,2024-08-18,435.01,Books,0,8,Sunday,238.79666666666668,2149.17,9,17.0,88.0,5
296,54,2024-11-08,321.42,Electronics,1,11,Friday,238.79666666666668,2149.17,9,82.0,88.0,5
848,54,2024-12-17,52.8,Electronics,0,12,Tuesday,238.79666666666668,2149.17,9,39.0,88.0,5
464,55,2023-01-25,73.19,Fashion,0,1,Wednesday,205.46,616.38,3,,274.5,3
810,55,2023-09-28,215.99,Home,0,9,Thursday,205.46,616.38,3,246.0,274.5,3
43,55,2024-07-27,327.2,Sports,1,7,Saturday,205.46,616.38,3,303.0,274.5,3
786,56,2023-03-16,314.61,Electronics,0,3,Thursday,300.812,1504.06,5,,162.5,4
942,56,2023-11-03,466.12,Electronics,1,11,Friday,300.812,1504.06,5,232.0,162.5,4
717,56,2024-06-07,231.71,Books,0,6,Friday,300.812,1504.06,5,217.0,162.5,4
967,56,2024-07-15,452.15,Fashion,0,7,Monday,300.812,1504.06,5,38.0,162.5,4
958,56,2024-12-25,39.47,Sports,1,12,Wednesday,300.812,1504.06,5,163.0,162.5,4
850,57,2023-03-13,42.14,Books,0,3,Monday,161.48333333333332,484.45,3,,288.5,3
417,57,2024-07-11,70.73,Electronics,1,7,Thursday,161.48333333333332,484.45,3,486.0,288.5,3
645,57,2024-10-10,371.58,Fashion,1,10,Thursday,161.48333333333332,484.45,3,91.0,288.5,3
703,58,2023-01-31,474.39,Home,0,1,Tuesday,299.63666666666666,2696.73,9,,87.0,5
440,58,2023-03-10,59.66,Home,0,3,Friday,299.63666666666666,2696.73,9,38.0,87.0,5
387,58,2023-04-19,259.68,Books,0,4,Wednesday,299.63666666666666,2696.73,9,40.0,87.0,5
441,58,2023-11-08,267.04,Electronics,0,11,Wednesday,299.63666666666666,2696.73,9,203.0,87.0,5
479,58,2023-11-26,442.05,Home,1,11,Sunday,299.63666666666666,2696.73,9,18.0,87.0,5
29,58,2024-06-26,310.66,Books,1,6,Wednesday,299.63666666666666,2696.73,9,213.0,87.0,5
722,58,2024-10-28,383.59,Fashion,0,10,Monday,299.63666666666666,2696.73,9,124.0,87.0,5
584,58,2024-12-05,326.03,Home,0,12,Thursday,299.63666666666666,2696.73,9,38.0,87.0,5
489,58,2024-12-27,173.63,Sports,0,12,Friday,299.63666666666666,2696.73,9,22.0,87.0,5
33,59,2023-08-11,358.59,Sports,0,8,Friday,430.6233333333333,1291.87,3,,118.5,2
801,59,2024-03-28,496.04,Sports,0,3,Thursday,430.6233333333333,1291.87,3,230.0,118.5,2
199,59,2024-04-04,437.24,Home,0,4,Thursday,430.6233333333333,1291.87,3,7.0,118.5,2
280,60,2023-11-01,202.84,Fashion,1,11,Wednesday,310.298,1551.49,5,,99.25,3
54,60,2024-02-14,175.1,Sports,0,2,Wednesday,310.298,1551.49,5,105.0,99.25,3
453,60,2024-03-25,449.99,Fashion,0,3,Monday,310.298,1551.49,5,40.0,99.25,3
764,60,2024-11-06,487.26,Books,0,11,Wednesday,310.298,1551.49,5,226.0,99.25,3
415,60,2024-12-02,236.3,Sports,0,12,Monday,310.298,1551.49,5,26.0,99.25,3
924,61,2023-05-07,425.08,Electronics,0,5,Sunday,313.775,1882.6499999999999,6,,66.4,4
727,61,2023-08-11,450.54,Home,0,8,Friday,313.775,1882.6499999999999,6,96.0,66.4,4
355,61,2023-09-18,131.67,Sports,0,9,Monday,313.775,1882.6499999999999,6,38.0,66.4,4
947,61,2023-12-18,342.05,Electronics,0,12,Monday,313.775,1882.6499999999999,6,91.0,66.4,4
706,61,2024-01-29,287.83,Books,0,1,Monday,313.775,1882.6499999999999,6,42.0,66.4,4
916,61,2024-04-03,245.48,Electronics,1,4,Wednesday,313.775,1882.6499999999999,6,65.0,66.4,4
128,62,2023-05-25,458.83,Books,1,5,Thursday,324.875,1949.25,6,,100.6,5
614,62,2023-08-06,456.51,Home,0,8,Sunday,324.875,1949.25,6,73.0,100.6,5
483,62,2023-11-14,126.11,Sports,0,11,Tuesday,324.875,1949.25,6,100.0,100.6,5
205,62,2024-08-26,118.97,Electronics,0,8,Monday,324.875,1949.25,6,286.0,100.6,5
194,62,2024-09-07,387.99,Fashion,0,9,Saturday,324.875,1949.25,6,12.0,100.6,5
168,62,2024-10-09,400.84,Books,0,10,Wednesday,324.875,1949.25,6,32.0,100.6,5
436,63,2023-02-24,283.82,Books,0,2,Friday,256.95666666666665,1541.74,6,,121.4,4
799,63,2023-03-25,100.22,Fashion,0,3,Saturday,256.95666666666665,1541.74,6,29.0,121.4,4
149,63,2023-06-06,113.39,Sports,0,6,Tuesday,256.95666666666665,1541.74,6,73.0,121.4,4
110,63,2024-02-14,177.62,Electronics,0,2,Wednesday,256.95666666666665,1541.74,6,253.0,121.4,4
476,63,2024-09-04,496.36,Fashion,0,9,Wednesday,256.95666666666665,1541.74,6,203.0,121.4,4
945,63,2024-10-23,370.33,Books,1,10,Wednesday,256.95666666666665,1541.74,6,49.0,121.4,4
44,64,2024-03-16,127.86,Electronics,1,3,Saturday,127.86,127.86,1,,,1
680,65,2023-09-19,338.81,Electronics,1,9,Tuesday,223.64600000000002,1118.23,5,,111.25,3
103,65,2023-09-27,452.66,Books,0,9,Wednesday,223.64600000000002,1118.23,5,8.0,111.25,3
560,65,2024-04-21,253.57,Electronics,0,4,Sunday,223.64600000000002,1118.23,5,207.0,111.25,3
421,65,2024-12-05,38.25,Home,1,12,Thursday,223.64600000000002,1118.23,5,228.0,111.25,3
793,65,2024-12-07,34.94,Books,1,12,Saturday,223.64600000000002,1118.23,5,2.0,111.25,3
857,66,2023-06-15,307.43,Electronics,0,6,Thursday,317.68333333333334,953.05,3,,265.0,2
429,66,2024-05-26,241.73,Electronics,0,5,Sunday,317.68333333333334,953.05,3,346.0,265.0,2
165,66,2024-11-26,403.89,Fashion,0,11,Tuesday,317.68333333333334,953.05,3,184.0,265.0,2
559,67,2023-01-29,45.35,Home,0,1,Sunday,162.97750000000002,651.9100000000001,4,,193.66666666666666,3
993,67,2023-10-25,407.85,Electronics,0,10,Wednesday,162.97750000000002,651.9100000000001,4,269.0,193.66666666666666,3
382,67,2024-05-08,51.02,Sports,0,5,Wednesday,162.97750000000002,651.9100000000001,4,196.0,193.66666666666666,3
388,67,2024-09-01,147.69,Electronics,0,9,Sunday,162.97750000000002,651.9100000000001,4,116.0,193.66666666666666,3
322,68,2024-02-22,249.55,Electronics,0,2,Thursday,293.5133333333333,880.54,3,,78.5,3
991,68,2024-04-22,211.7,Home,0,4,Monday,293.5133333333333,880.54,3,60.0,78.5,3
232,68,2024-07-28,419.29,Books,0,7,Sunday,293.5133333333333,880.54,3,97.0,78.5,3
504,69,2023-01-16,313.73,Home,1,1,Monday,312.1228571428572,2184.86,7,,100.66666666666667,4
888,69,2023-07-13,183.59,Fashion,1,7,Thursday,312.1228571428572,2184.86,7,178.0,100.66666666666667,4
636,69,2023-11-25,429.48,Electronics,1,11,Saturday,312.1228571428572,2184.86,7,135.0,100.66666666666667,4
239,69,2024-04-19,130.8,Sports,0,4,Friday,312.1228571428572,2184.86,7,146.0,100.66666666666667,4
538,69,2024-05-11,260.98,Fashion,1,5,Saturday,312.1228571428572,2184.86,7,22.0,100.66666666666667,4
515,69,2024-05-12,443.1,Sports,0,5,Sunday,312.1228571428572,2184.86,7,1.0,100.66666666666667,4
529,69,2024-09-11,423.18,Home,0,9,Wednesday,312.1228571428572,2184.86,7,122.0,100.66666666666667,4
927,70,2023-01-12,230.5,Electronics,0,1,Thursday,316.8025,1267.21,4,,186.33333333333334,2
248,70,2023-06-29,298.63,Home,1,6,Thursday,316.8025,1267.21,4,168.0,186.33333333333334,2
446,70,2023-09-01,340.33,Home,0,9,Friday,316.8025,1267.21,4,64.0,186.33333333333334,2
687,70,2024-07-24,397.75,Electronics,0,7,Wednesday,316.8025,1267.21,4,327.0,186.33333333333334,2
161,71,2023-04-28,415.12,Home,0,4,Friday,340.37333333333333,1021.12,3,,303.5,3
683,71,2023-12-02,433.75,Sports,1,12,Saturday,340.37333333333333,1021.12,3,218.0,303.5,3
105,71,2024-12-25,172.25,Books,0,12,Wednesday,340.37333333333333,1021.12,3,389.0,303.5,3
837,72,2023-08-24,355.67,Sports,1,8,Thursday,249.9466666666667,749.84,3,,200.5,1
6,72,2024-06-01,65.73,Sports,0,6,Saturday,249.9466666666667,749.84,3,282.0,200.5,1
122,72,2024-09-28,328.44,Sports,0,9,Saturday,249.9466666666667,749.84,3,119.0,200.5,1
49,73,2024-03-10,350.34,Books,1,3,Sunday,192.29,384.58,2,,196.0,2
938,73,2024-09-22,34.24,Home,0,9,Sunday,192.29,384.58,2,196.0,196.0,2
750,74,2023-01-17,252.97,Electronics,0,1,Tuesday,303.91999999999996,1215.6799999999998,4,,226.66666666666666,3
885,74,2023-04-26,457.12,Home,1,4,Wednesday,303.91999999999996,1215.6799999999998,4,99.0,226.66666666666666,3
660,74,2023-06-25,474.58,Electronics,0,6,Sunday,303.91999999999996,1215.6799999999998,4,60.0,226.66666666666666,3
563,74,2024-11-27,31.01,Fashion,1,11,Wednesday,303.91999999999996,1215.6799999999998,4,521.0,226.66666666666666,3
656,75,2023-05-04,368.07,Fashion,0,5,Thursday,166.15,996.9,6,,84.0,4
178,75,2023-10-19,326.23,Books,1,10,Thursday,166.15,996.9,6,168.0,84.0,4
11,75,2023-11-11,24.33,Sports,0,11,Saturday,166.15,996.9,6,23.0,84.0,4
586,75,2024-02-03,105.56,Books,0,2,Saturday,166.15,996.9,6,84.0,84.0,4
301,75,2024-04-02,121.75,Electronics,0,4,Tuesday,166.15,996.9,6,59.0,84.0,4
858,75,2024-06-27,50.96,Books,0,6,Thursday,166.15,996.9,6,86.0,84.0,4
508,76,2023-09-07,297.04,Books,0,9,Thursday,172.27666666666667,516.83,3,,120.0,2
658,76,2023-11-24,182.37,Books,0,11,Friday,172.27666666666667,516.83,3,78.0,120.0,2
626,76,2024-05-04,37.42,Home,0,5,Saturday,172.27666666666667,516.83,3,162.0,120.0,2
961,78,2024-02-08,339.34,Books,0,2,Thursday,272.56,817.68,3,,81.5,3
824,78,2024-07-15,203.17,Electronics,0,7,Monday,272.56,817.68,3,158.0,81.5,3
935,78,2024-07-20,275.17,Fashion,1,7,Saturday,272.56,817.68,3,5.0,81.5,3
868,79,2024-07-06,226.01,Home,1,7,Saturday,175.85999999999999,351.71999999999997,2,,39.0,2
874,79,2024-08-14,125.71,Sports,0,8,Wednesday,175.85999999999999,351.71999999999997,2,39.0,39.0,2
899,80,2023-01-09,485.97,Home,0,1,Monday,389.43666666666667,1168.31,3,,356.5,3
730,80,2023-12-31,287.75,Electronics,0,12,Sunday,389.43666666666667,1168.31,3,356.0,356.5,3
542,80,2024-12-22,394.59,Sports,1,12,Sunday,389.43666666666667,1168.31,3,357.0,356.5,3
112,81,2023-05-12,312.72,Books,0,5,Friday,192.38333333333333,1154.3,6,,111.4,4
69,81,2023-09-16,94.96,Books,0,9,Saturday,192.38333333333333,1154.3,6,127.0,111.4,4
948,81,2023-11-08,143.92,Home,0,11,Wednesday,192.38333333333333,1154.3,6,53.0,111.4,4
216,81,2023-12-12,367.77,Electronics,1,12,Tuesday,192.38333333333333,1154.3,6,34.0,111.4,4
878,81,2024-10-21,35.67,Home,0,10,Monday,192.38333333333333,1154.3,6,314.0,111.4,4
573,81,2024-11-19,199.26,Fashion,1,11,Tuesday,192.38333333333333,1154.3,6,29.0,111.4,4
315,82,2023-08-27,451.17,Sports,0,8,Sunday,301.86199999999997,1509.31,5,,113.0,3
92,82,2024-01-11,172.69,Books,0,1,Thursday,301.86199999999997,1509.31,5,137.0,113.0,3
266,82,2024-04-20,388.93,Sports,1,4,Saturday,301.86199999999997,1509.31,5,100.0,113.0,3
779,82,2024-05-30,74.21,Fashion,0,5,Thursday,301.86199999999997,1509.31,5,40.0,113.0,3
866,82,2024-11-21,422.31,Sports,0,11,Thursday,301.86199999999997,1509.31,5,175.0,113.0,3
632,83,2023-01-03,225.87,Electronics,0,1,Tuesday,286.49,859.47,3,,294.0,3
677,83,2023-02-09,426.52,Sports,0,2,Thursday,286.49,859.47,3,37.0,294.0,3
821,83,2024-08-13,207.08,Home,0,8,Tuesday,286.49,859.47,3,551.0,294.0,3
887,84,2023-04-13,86.01,Home,1,4,Thursday,254.85333333333335,1529.1200000000001,6,,80.6,3
60,84,2023-05-20,275.48,Home,0,5,Saturday,254.85333333333335,1529.1200000000001,6,37.0,80.6,3
307,84,2023-06-27,479.51,Sports,0,6,Tuesday,254.85333333333335,1529.1200000000001,6,38.0,80.6,3
175,84,2024-02-15,272.72,Home,0,2,Thursday,254.85333333333335,1529.1200000000001,6,233.0,80.6,3
546,84,2024-03-01,20.9,Home,0,3,Friday,254.85333333333335,1529.1200000000001,6,15.0,80.6,3
615,84,2024-05-20,394.5,Fashion,0,5,Monday,254.85333333333335,1529.1200000000001,6,80.0,80.6,3
797,85,2023-01-21,21.83,Home,0,1,Saturday,172.6425,690.57,4,,221.66666666666666,3
522,85,2024-03-18,411.26,Books,0,3,Monday,172.6425,690.57,4,422.0,221.66666666666666,3
855,85,2024-05-09,128.65,Books,0,5,Thursday,172.6425,690.57,4,52.0,221.66666666666666,3
823,85,2024-11-16,128.83,Electronics,0,11,Saturday,172.6425,690.57,4,191.0,221.66666666666666,3
395,86,2023-02-10,314.76,Books,0,2,Friday,281.02555555555557,2529.23,9,,77.25,4
432,86,2023-07-06,472.31,Sports,0,7,Thursday,281.02555555555557,2529.23,9,146.0,77.25,4
681,86,2023-08-04,123.72,Electronics,0,8,Friday,281.02555555555557,2529.23,9,29.0,77.25,4
163,86,2023-08-16,79.15,Electronics,0,8,Wednesday,281.02555555555557,2529.23,9,12.0,77.25,4
442,86,2023-10-16,451.47,Home,1,10,Monday,281.02555555555557,2529.23,9,61.0,77.25,4
617,86,2024-05-31,47.49,Electronics,0,5,Friday,281.02555555555557,2529.23,9,228.0,77.25,4
512,86,2024-06-02,287.86,Books,0,6,Sunday,281.02555555555557,2529.23,9,2.0,77.25,4
984,86,2024-10-04,417.93,Electronics,0,10,Friday,281.02555555555557,2529.23,9,124.0,77.25,4
800,86,2024-10-20,334.54,Electronics,0,10,Sunday,281.02555555555557,2529.23,9,16.0,77.25,4
222,87,2024-01-06,454.65,Fashion,0,1,Saturday,454.65,454.65,1,,,1
107,88,2023-01-05,200.32,Home,0,1,Thursday,281.3566666666666,844.0699999999999,3,,255.5,3
12,88,2024-01-12,302.44,Electronics,0,1,Friday,281.3566666666666,844.0699999999999,3,372.0,255.5,3
21,88,2024-05-30,341.31,Sports,0,5,Thursday,281.3566666666666,844.0699999999999,3,139.0,255.5,3
31,89,2023-08-17,276.09,Sports,0,8,Thursday,307.27,1229.08,4,,32.333333333333336,2
497,89,2023-09-25,483.26,Books,0,9,Monday,307.27,1229.08,4,39.0,32.333333333333336,2
104,89,2023-10-18,441.39,Sports,0,10,Wednesday,307.27,1229.08,4,23.0,32.333333333333336,2
53,89,2023-11-22,28.34,Books,0,11,Wednesday,307.27,1229.08,4,35.0,32.333333333333336,2
574,90,2023-01-03,78.74,Home,1,1,Tuesday,208.80899999999997,2088.0899999999997,10,,76.0,4
57,90,2023-08-13,142.03,Home,1,8,Sunday,208.80899999999997,2088.0899999999997,10,222.0,76.0,4
145,90,2023-10-16,334.25,Electronics,0,10,Monday,208.80899999999997,2088.0899999999997,10,64.0,76.0,4
931,90,2023-10-28,153.35,Books,0,10,Saturday,208.80899999999997,2088.0899999999997,10,12.0,76.0,4
695,90,2023-12-22,281.53,Books,0,12,Friday,208.80899999999997,2088.0899999999997,10,55.0,76.0,4
481,90,2024-05-11,281.13,Books,0,5,Saturday,208.80899999999997,2088.0899999999997,10,141.0,76.0,4
255,90,2024-10-23,222.89,Books,0,10,Wednesday,208.80899999999997,2088.0899999999997,10,165.0,76.0,4
278,90,2024-10-31,129.13,Fashion,0,10,Thursday,208.80899999999997,2088.0899999999997,10,8.0,76.0,4
578,90,2024-10-31,50.02,Fashion,0,10,Thursday,208.80899999999997,2088.0899999999997,10,0.0,76.0,4
761,90,2024-11-17,415.02,Electronics,0,11,Sunday,208.80899999999997,2088.0899999999997,10,17.0,76.0,4
694,91,2023-06-19,438.63,Fashion,0,6,Monday,293.58,587.16,2,,231.0,1
869,91,2024-02-05,148.53,Fashion,1,2,Monday,293.58,587.16,2,231.0,231.0,1
478,92,2023-01-17,172.12,Books,0,1,Tuesday,227.50625,1820.05,8,,77.42857142857143,5
180,92,2023-03-10,304.9,Electronics,0,3,Friday,227.50625,1820.05,8,52.0,77.42857142857143,5
712,92,2023-03-23,403.21,Home,1,3,Thursday,227.50625,1820.05,8,13.0,77.42857142857143,5
759,92,2023-09-27,64.65,Books,0,9,Wednesday,227.50625,1820.05,8,188.0,77.42857142857143,5
427,92,2023-10-23,264.12,Books,0,10,Monday,227.50625,1820.05,8,26.0,77.42857142857143,5
922,92,2024-02-14,43.76,Sports,0,2,Wednesday,227.50625,1820.05,8,114.0,77.42857142857143,5
835,92,2024-03-30,486.93,Home,0,3,Saturday,227.50625,1820.05,8,45.0,77.42857142857143,5
61,92,2024-07-12,80.36,Fashion,0,7,Friday,227.50625,1820.05,8,104.0,77.42857142857143,5
576,93,2023-05-22,133.21,Fashion,0,5,Monday,185.77142857142857,1300.4,7,,94.66666666666667,4
372,93,2023-07-28,220.92,Electronics,0,7,Friday,185.77142857142857,1300.4,7,67.0,94.66666666666667,4
913,93,2023-09-08,236.22,Home,0,9,Friday,185.77142857142857,1300.4,7,42.0,94.66666666666667,4
311,93,2023-11-09,250.09,Home,0,11,Thursday,185.77142857142857,1300.4,7,62.0,94.66666666666667,4
506,93,2024-02-05,92.75,Books,0,2,Monday,185.77142857142857,1300.4,7,88.0,94.66666666666667,4
3,93,2024-07-07,304.6,Books,0,7,Sunday,185.77142857142857,1300.4,7,153.0,94.66666666666667,4
249,93,2024-12-10,62.61,Books,1,12,Tuesday,185.77142857142857,1300.4,7,156.0,94.66666666666667,4
461,94,2023-03-02,315.92,Electronics,1,3,Thursday,176.10666666666668,528.32,3,,266.5,3
517,94,2024-04-21,113.1,Home,0,4,Sunday,176.10666666666668,528.32,3,416.0,266.5,3
943,94,2024-08-16,99.3,Sports,0,8,Friday,176.10666666666668,528.32,3,117.0,266.5,3
900,95,2023-03-14,146.08,Sports,1,3,Tuesday,324.9016666666667,1949.41,6,,106.6,4
836,95,2023-09-30,416.5,Fashion,1,9,Saturday,324.9016666666667,1949.41,6,200.0,106.6,4
569,95,2023-12-25,491.35,Sports,0,12,Monday,324.9016666666667,1949.41,6,86.0,106.6,4
813,95,2024-06-22,131.73,Sports,0,6,Saturday,324.9016666666667,1949.41,6,180.0,106.6,4
375,95,2024-07-05,346.87,Home,0,7,Friday,324.9016666666667,1949.41,6,13.0,106.6,4
86,95,2024-08-28,416.88,Books,0,8,Wednesday,324.9016666666667,1949.41,6,54.0,106.6,4
536,96,2023-02-08,424.15,Books,0,2,Wednesday,321.4425,2571.54,8,,73.0,5
259,96,2023-02-18,490.99,Home,1,2,Saturday,321.4425,2571.54,8,10.0,73.0,5
910,96,2023-03-25,455.54,Home,1,3,Saturday,321.4425,2571.54,8,35.0,73.0,5
152,96,2023-04-07,271.08,Home,0,4,Friday,321.4425,2571.54,8,13.0,73.0,5
202,96,2023-05-13,105.65,Home,0,5,Saturday,321.4425,2571.54,8,36.0,73.0,5
493,96,2023-07-19,369.41,Fashion,1,7,Wednesday,321.4425,2571.54,8,67.0,73.0,5
599,96,2023-08-14,354.88,Sports,0,8,Monday,321.4425,2571.54,8,26.0,73.0,5
150,96,2024-07-03,99.84,Electronics,0,7,Wednesday,321.4425,2571.54,8,324.0,73.0,5
245,97,2023-07-01,497.83,Sports,0,7,Saturday,301.58,603.16,2,,525.0,2
350,97,2024-12-07,105.33,Home,0,12,Saturday,301.58,603.16,2,525.0,525.0,2
428,98,2023-01-11,206.05,Books,0,1,Wednesday,257.0775,1028.31,4,,186.33333333333334,4
865,98,2023-08-02,275.03,Electronics,0,8,Wednesday,257.0775,1028.31,4,203.0,186.33333333333334,4
241,98,2023-12-13,111.36,Fashion,0,12,Wednesday,257.0775,1028.31,4,133.0,186.33333333333334,4
805,98,2024-07-23,435.87,Home,0,7,Tuesday,257.0775,1028.31,4,223.0,186.33333333333334,4
597,99,2023-01-11,301.19,Electronics,0,1,Wednesday,229.88615384615383,2988.52,13,,59.666666666666664,5
463,99,2023-02-11,40.99,Sports,0,2,Saturday,229.88615384615383,2988.52,13,31.0,59.666666666666664,5
954,99,2023-04-03,434.18,Electronics,0,4,Monday,229.88615384615383,2988.52,13,51.0,59.666666666666664,5
807,99,2023-06-11,192.98,Books,1,6,Sunday,229.88615384615383,2988.52,13,69.0,59.666666666666664,5
290,99,2023-06-24,295.8,Fashion,1,6,Saturday,229.88615384615383,2988.52,13,13.0,59.666666666666664,5
376,99,2023-08-25,111.05,Sports,0,8,Friday,229.88615384615383,2988.52,13,62.0,59.666666666666664,5
410,99,2023-09-25,257.82,Sports,0,9,Monday,229.88615384615383,2988.52,13,31.0,59.666666666666664,5
309,99,2023-12-15,467.71,Sports,0,12,Friday,229.88615384615383,2988.52,13,81.0,59.666666666666664,5
609,99,2024-05-07,469.93,Books,0,5,Tuesday,229.88615384615383,2988.52,13,144.0,59.666666666666664,5
130,99,2024-05-17,72.28,Books,0,5,Friday,229.88615384615383,2988.52,13,10.0,59.666666666666664,5
637,99,2024-08-02,42.32,Books,0,8,Friday,229.88615384615383,2988.52,13,77.0,59.666666666666664,5
275,99,2024-12-23,96.47,Home,0,12,Monday,229.88615384615383,2988.52,13,143.0,59.666666666666664,5
368,99,2024-12-27,205.8,Books,0,12,Friday,229.88615384615383,2988.52,13,4.0,59.666666666666664,5
530,100,2023-07-07,419.69,Sports,1,7,Friday,306.715,1226.86,4,,142.33333333333334,4
14,100,2024-03-12,210.4,Fashion,0,3,Tuesday,306.715,1226.86,4,249.0,142.33333333333334,4
622,100,2024-06-04,246.59,Books,0,6,Tuesday,306.715,1226.86,4,84.0,142.33333333333334,4
524,100,2024-09-06,350.18,Home,1,9,Friday,306.715,1226.86,4,94.0,142.33333333333334,4
213,101,2024-02-11,344.4,Books,0,2,Sunday,252.27428571428572,1765.92,7,,39.833333333333336,4
593,101,2024-03-15,291.46,Home,1,3,Friday,252.27428571428572,1765.92,7,33.0,39.833333333333336,4
767,101,2024-04-04,460.74,Home,0,4,Thursday,252.27428571428572,1765.92,7,20.0,39.833333333333336,4
450,101,2024-04-26,53.24,Electronics,0,4,Friday,252.27428571428572,1765.92,7,22.0,39.833333333333336,4
526,101,2024-06-09,278.57,Sports,0,6,Sunday,252.27428571428572,1765.92,7,44.0,39.833333333333336,4
557,101,2024-08-30,128.21,Sports,1,8,Friday,252.27428571428572,1765.92,7,82.0,39.833333333333336,4
135,101,2024-10-07,209.3,Home,1,10,Monday,252.27428571428572,1765.92,7,38.0,39.833333333333336,4
815,102,2023-03-01,48.37,Electronics,0,3,Wednesday,111.71000000000001,223.42000000000002,2,,645.0,1
753,102,2024-12-05,175.05,Electronics,0,12,Thursday,111.71000000000001,223.42000000000002,2,645.0,645.0,1
860,103,2023-10-28,441.09,Fashion,0,10,Saturday,226.4766666666667,1358.8600000000001,6,,82.4,4
189,103,2023-10-29,164.99,Fashion,1,10,Sunday,226.4766666666667,1358.8600000000001,6,1.0,82.4,4
9,103,2023-11-16,211.54,Home,0,11,Thursday,226.4766666666667,1358.8600000000001,6,18.0,82.4,4
1,103,2024-01-04,66.75,Books,0,1,Thursday,226.4766666666667,1358.8600000000001,6,49.0,82.4,4
141,103,2024-05-14,226.81,Books,0,5,Tuesday,226.4766666666667,1358.8600000000001,6,131.0,82.4,4
456,103,2024-12-13,247.68,Sports,0,12,Friday,226.4766666666667,1358.8600000000001,6,213.0,82.4,4
72,104,2023-01-10,142.55,Books,0,1,Tuesday,199.11625,1592.93,8,,102.42857142857143,5
267,104,2023-03-04,136.96,Sports,0,3,Saturday,199.11625,1592.93,8,53.0,102.42857142857143,5
132,104,2023-04-14,272.78,Books,0,4,Friday,199.11625,1592.93,8,41.0,102.42857142857143,5
905,104,2024-01-05,215.35,Home,0,1,Friday,199.11625,1592.93,8,266.0,102.42857142857143,5
306,104,2024-04-20,127.33,Fashion,1,4,Saturday,199.11625,1592.93,8,106.0,102.42857142857143,5
402,104,2024-08-21,472.56,Electronics,1,8,Wednesday,199.11625,1592.93,8,123.0,102.42857142857143,5
15,104,2024-10-23,133.77,Home,0,10,Wednesday,199.11625,1592.93,8,63.0,102.42857142857143,5
389,104,2024-12-27,91.63,Electronics,0,12,Friday,199.11625,1592.93,8,65.0,102.42857142857143,5
581,105,2023-10-20,372.14,Home,0,10,Friday,229.9175,919.67,4,,78.0,4
708,105,2023-12-29,65.19,Fashion,0,12,Friday,229.9175,919.67,4,70.0,78.0,4
610,105,2024-01-01,358.89,Sports,0,1,Monday,229.9175,919.67,4,3.0,78.0,4
806,105,2024-06-10,123.45,Electronics,0,6,Monday,229.9175,919.67,4,161.0,78.0,4
876,106,2023-03-27,374.03,Fashion,0,3,Monday,220.88,662.64,3,,174.5,3
77,106,2023-06-17,137.19,Electronics,1,6,Saturday,220.88,662.64,3,82.0,174.5,3
471,106,2024-03-10,151.42,Sports,0,3,Sunday,220.88,662.64,3,267.0,174.5,3
973,107,2023-04-27,330.3,Electronics,0,4,Thursday,291.8333333333333,875.5,3,,303.0,2
5,107,2024-09-04,338.06,Sports,0,9,Wednesday,291.8333333333333,875.5,3,496.0,303.0,2
944,107,2024-12-23,207.14,Sports,0,12,Monday,291.8333333333333,875.5,3,110.0,303.0,2
454,108,2024-05-15,174.66,Sports,0,5,Wednesday,258.0375,1032.15,4,,61.333333333333336,1
42,108,2024-05-18,44.81,Sports,0,5,Saturday,258.0375,1032.15,4,3.0,61.333333333333336,1
691,108,2024-07-10,401.12,Sports,0,7,Wednesday,258.0375,1032.15,4,53.0,61.333333333333336,1
173,108,2024-11-15,411.56,Sports,0,11,Friday,258.0375,1032.15,4,128.0,61.333333333333336,1
679,109,2023-10-16,87.66,Fashion,0,10,Monday,253.1042857142857,1771.73,7,,66.33333333333333,4
647,109,2023-11-28,81.43,Home,0,11,Tuesday,253.1042857142857,1771.73,7,43.0,66.33333333333333,4
963,109,2023-12-30,338.08,Electronics,0,12,Saturday,253.1042857142857,1771.73,7,32.0,66.33333333333333,4
994,109,2024-06-09,123.7,Sports,0,6,Sunday,253.1042857142857,1771.73,7,162.0,66.33333333333333,4
342,109,2024-07-01,382.04,Home,0,7,Monday,253.1042857142857,1771.73,7,22.0,66.33333333333333,4
459,109,2024-10-02,461.74,Sports,0,10,Wednesday,253.1042857142857,1771.73,7,93.0,66.33333333333333,4
788,109,2024-11-17,297.08,Home,0,11,Sunday,253.1042857142857,1771.73,7,46.0,66.33333333333333,4
314,110,2023-02-23,86.82,Electronics,0,2,Thursday,84.335,168.67,2,,145.0,2
825,110,2023-07-18,81.85,Books,1,7,Tuesday,84.335,168.67,2,145.0,145.0,2
62,111,2023-01-01,83.7,Home,0,1,Sunday,272.9211111111111,2456.29,9,,69.0,4
996,111,2023-01-02,412.03,Electronics,1,1,Monday,272.9211111111111,2456.29,9,1.0,69.0,4
352,111,2023-04-29,316.66,Home,0,4,Saturday,272.9211111111111,2456.29,9,117.0,69.0,4
633,111,2023-06-09,425.5,Electronics,0,6,Friday,272.9211111111111,2456.29,9,41.0,69.0,4
896,111,2023-11-01,83.21,Electronics,0,11,Wednesday,272.9211111111111,2456.29,9,145.0,69.0,4
997,111,2024-01-10,52.34,Books,0,1,Wednesday,272.9211111111111,2456.29,9,70.0,69.0,4
971,111,2024-02-24,218.08,Home,1,2,Saturday,272.9211111111111,2456.29,9,45.0,69.0,4
93,111,2024-04-03,435.89,Books,0,4,Wednesday,272.9211111111111,2456.29,9,39.0,69.0,4
999,111,2024-07-06,428.88,Fashion,0,7,Saturday,272.9211111111111,2456.29,9,94.0,69.0,4
616,112,2023-09-16,23.37,Sports,0,9,Saturday,164.66750000000002,658.6700000000001,4,,44.0,3
279,112,2023-10-12,184.0,Fashion,0,10,Thursday,164.66750000000002,658.6700000000001,4,26.0,44.0,3
852,112,2023-11-16,156.24,Electronics,0,11,Thursday,164.66750000000002,658.6700000000001,4,35.0,44.0,3
308,112,2024-01-26,295.06,Sports,0,1,Friday,164.66750000000002,658.6700000000001,4,71.0,44.0,3
204,113,2023-04-16,130.52,Fashion,1,4,Sunday,288.01363636363635,3168.15,11,,62.0,5
302,113,2023-06-11,412.99,Home,0,6,Sunday,288.01363636363635,3168.15,11,56.0,62.0,5
613,113,2023-08-14,453.88,Books,1,8,Monday,288.01363636363635,3168.15,11,64.0,62.0,5
218,113,2024-02-24,183.72,Sports,0,2,Saturday,288.01363636363635,3168.15,11,194.0,62.0,5
281,113,2024-03-04,186.23,Home,0,3,Monday,288.01363636363635,3168.15,11,9.0,62.0,5
953,113,2024-03-20,366.27,Home,0,3,Wednesday,288.01363636363635,3168.15,11,16.0,62.0,5
832,113,2024-06-10,483.8,Electronics,1,6,Monday,288.01363636363635,3168.15,11,82.0,62.0,5
214,113,2024-09-04,232.5,Books,0,9,Wednesday,288.01363636363635,3168.15,11,86.0,62.0,5
605,113,2024-10-21,200.92,Home,0,10,Monday,288.01363636363635,3168.15,11,47.0,62.0,5
715,113,2024-12-18,210.74,Home,0,12,Wednesday,288.01363636363635,3168.15,11,58.0,62.0,5
212,113,2024-12-26,306.58,Books,1,12,Thursday,288.01363636363635,3168.15,11,8.0,62.0,5
469,114,2023-04-18,206.55,Home,1,4,Tuesday,200.52666666666667,601.58,3,,238.5,2
392,114,2023-05-08,136.87,Sports,0,5,Monday,200.52666666666667,601.58,3,20.0,238.5,2
585,114,2024-08-07,258.16,Sports,0,8,Wednesday,200.52666666666667,601.58,3,457.0,238.5,2
425,115,2023-01-29,70.58,Electronics,1,1,Sunday,220.80571428571426,1545.6399999999999,7,,110.0,4
780,115,2023-04-09,61.85,Books,0,4,Sunday,220.80571428571426,1545.6399999999999,7,70.0,110.0,4
580,115,2023-05-26,387.96,Books,0,5,Friday,220.80571428571426,1545.6399999999999,7,47.0,110.0,4
337,115,2023-05-31,205.5,Electronics,0,5,Wednesday,220.80571428571426,1545.6399999999999,7,5.0,110.0,4
976,115,2023-12-01,261.03,Fashion,1,12,Friday,220.80571428571426,1545.6399999999999,7,184.0,110.0,4
895,115,2024-03-03,344.68,Electronics,0,3,Sunday,220.80571428571426,1545.6399999999999,7,93.0,110.0,4
968,115,2024-11-19,214.04,Home,1,11,Tuesday,220.80571428571426,1545.6399999999999,7,261.0,110.0,4
187,116,2023-01-23,287.19,Books,1,1,Monday,211.908,1059.54,5,,155.0,4
460,116,2023-08-05,269.97,Fashion,1,8,Saturday,211.908,1059.54,5,194.0,155.0,4
378,116,2023-12-25,175.28,Sports,1,12,Monday,211.908,1059.54,5,142.0,155.0,4
240,116,2024-02-22,239.29,Sports,0,2,Thursday,211.908,1059.54,5,59.0,155.0,4
300,116,2024-10-04,87.81,Electronics,0,10,Friday,211.908,1059.54,5,225.0,155.0,4
482,117,2023-01-12,325.31,Books,1,1,Thursday,254.595,2036.76,8,,91.85714285714286,4
743,117,2023-02-06,403.32,Electronics,0,2,Monday,254.595,2036.76,8,25.0,91.85714285714286,4
635,117,2023-03-30,95.06,Books,1,3,Thursday,254.595,2036.76,8,52.0,91.85714285714286,4
756,117,2023-04-30,334.94,Books,1,4,Sunday,254.595,2036.76,8,31.0,91.85714285714286,4
13,117,2023-10-16,307.38,Home,0,10,Monday,254.595,2036.76,8,169.0,91.85714285714286,4
720,117,2024-06-08,65.14,Home,0,6,Saturday,254.595,2036.76,8,236.0,91.85714285714286,4
366,117,2024-09-23,251.18,Electronics,1,9,Monday,254.595,2036.76,8,107.0,91.85714285714286,4
498,117,2024-10-16,254.43,Sports,0,10,Wednesday,254.595,2036.76,8,23.0,91.85714285714286,4
842,118,2023-04-27,321.55,Books,0,4,Thursday,248.67714285714285,1740.74,7,,93.0,5
745,118,2023-07-15,431.3,Home,0,7,Saturday,248.67714285714285,1740.74,7,79.0,93.0,5
200,118,2023-12-22,246.99,Electronics,0,12,Friday,248.67714285714285,1740.74,7,160.0,93.0,5
901,118,2023-12-25,150.35,Fashion,0,12,Monday,248.67714285714285,1740.74,7,3.0,93.0,5
495,118,2024-04-10,348.94,Electronics,0,4,Wednesday,248.67714285714285,1740.74,7,107.0,93.0,5
792,118,2024-06-22,141.91,Home,1,6,Saturday,248.67714285714285,1740.74,7,73.0,93.0,5
731,118,2024-11-05,99.7,Sports,0,11,Tuesday,248.67714285714285,1740.74,7,136.0,93.0,5
790,119,2023-01-22,406.97,Electronics,0,1,Sunday,263.99,791.97,3,,174.5,2
338,119,2023-03-26,290.93,Electronics,0,3,Sunday,263.99,791.97,3,63.0,174.5,2
979,119,2024-01-06,94.07,Sports,1,1,Saturday,263.99,791.97,3,286.0,174.5,2
588,120,2023-05-20,495.74,Fashion,0,5,Saturday,288.50333333333333,865.51,3,,252.0,3
475,120,2023-10-02,26.1,Electronics,1,10,Monday,288.50333333333333,865.51,3,135.0,252.0,3
297,120,2024-10-05,343.67,Books,0,10,Saturday,288.50333333333333,865.51,3,369.0,252.0,3
183,121,2023-09-11,103.89,Home,1,9,Monday,243.25,729.75,3,,229.0,2
941,121,2023-10-15,236.29,Books,0,10,Sunday,243.25,729.75,3,34.0,229.0,2
186,121,2024-12-12,389.57,Books,1,12,Thursday,243.25,729.75,3,424.0,229.0,2
917,122,2023-03-25,234.78,Books,0,3,Saturday,311.515,1869.09,6,,80.2,3
653,122,2023-09-18,257.35,Sports,1,9,Monday,311.515,1869.09,6,177.0,80.2,3
758,122,2023-11-02,349.69,Sports,0,11,Thursday,311.515,1869.09,6,45.0,80.2,3
671,122,2023-11-14,213.91,Home,0,11,Tuesday,311.515,1869.09,6,12.0,80.2,3
10,122,2024-03-18,431.83,Sports,1,3,Monday,311.515,1869.09,6,125.0,80.2,3
490,122,2024-04-29,381.53,Sports,0,4,Monday,311.515,1869.09,6,42.0,80.2,3
117,123,2023-10-23,281.93,Sports,0,10,Monday,276.335,1105.34,4,,107.0,4
844,123,2023-12-10,324.84,Books,1,12,Sunday,276.335,1105.34,4,48.0,107.0,4
235,123,2024-08-24,327.28,Fashion,0,8,Saturday,276.335,1105.34,4,258.0,107.0,4
641,123,2024-09-08,171.29,Home,1,9,Sunday,276.335,1105.34,4,15.0,107.0,4
369,124,2023-05-08,482.63,Books,0,5,Monday,201.42166666666665,1208.53,6,,107.2,4
470,124,2023-06-21,98.57,Fashion,1,6,Wednesday,201.42166666666665,1208.53,6,44.0,107.2,4
147,124,2023-08-19,114.63,Electronics,0,8,Saturday,201.42166666666665,1208.53,6,59.0,107.2,4
98,124,2023-10-23,72.37,Fashion,0,10,Monday,201.42166666666665,1208.53,6,65.0,107.2,4
551,124,2024-06-29,206.08,Home,0,6,Saturday,201.42166666666665,1208.53,6,250.0,107.2,4
246,124,2024-10-25,234.25,Fashion,1,10,Friday,201.42166666666665,1208.53,6,118.0,107.2,4
438,125,2024-10-25,52.98,Books,0,10,Friday,52.98,52.98,1,,,1
893,126,2023-05-23,398.63,Fashion,0,5,Tuesday,244.54,1467.24,6,,82.8,3
985,126,2023-08-25,495.81,Home,0,8,Friday,244.54,1467.24,6,94.0,82.8,3
225,126,2023-11-05,329.74,Home,0,11,Sunday,244.54,1467.24,6,72.0,82.8,3
698,126,2024-02-26,28.61,Home,1,2,Monday,244.54,1467.24,6,113.0,82.8,3
494,126,2024-06-20,71.81,Fashion,0,6,Thursday,244.54,1467.24,6,115.0,82.8,3
702,126,2024-07-10,142.64,Sports,0,7,Wednesday,244.54,1467.24,6,20.0,82.8,3
485,127,2023-08-04,379.13,Home,0,8,Friday,390.3825,1561.53,4,,153.66666666666666,4
957,127,2023-11-28,418.2,Fashion,0,11,Tuesday,390.3825,1561.53,4,116.0,153.66666666666666,4
707,127,2024-11-02,285.21,Books,0,11,Saturday,390.3825,1561.53,4,340.0,153.66666666666666,4
398,127,2024-11-07,478.99,Electronics,0,11,Thursday,390.3825,1561.53,4,5.0,153.66666666666666,4
383,128,2023-01-04,40.46,Books,1,1,Wednesday,193.4875,1547.9,8,,89.42857142857143,5
544,128,2023-01-16,86.15,Home,1,1,Monday,193.4875,1547.9,8,12.0,89.42857142857143,5
630,128,2023-05-25,487.92,Books,0,5,Thursday,193.4875,1547.9,8,129.0,89.42857142857143,5
179,128,2023-10-10,267.28,Electronics,0,10,Tuesday,193.4875,1547.9,8,138.0,89.42857142857143,5
313,128,2023-11-24,311.06,Home,0,11,Friday,193.4875,1547.9,8,45.0,89.42857142857143,5
333,128,2024-04-13,20.16,Sports,0,4,Saturday,193.4875,1547.9,8,141.0,89.42857142857143,5
328,128,2024-05-05,305.26,Books,1,5,Sunday,193.4875,1547.9,8,22.0,89.42857142857143,5
264,128,2024-09-21,29.61,Fashion,0,9,Saturday,193.4875,1547.9,8,139.0,89.42857142857143,5
182,129,2023-01-11,330.37,Electronics,0,1,Wednesday,210.225,1681.8,8,,98.57142857142857,4
488,129,2023-03-22,45.85,Electronics,1,3,Wednesday,210.225,1681.8,8,70.0,98.57142857142857,4
808,129,2023-06-12,52.88,Home,1,6,Monday,210.225,1681.8,8,82.0,98.57142857142857,4
283,129,2023-10-13,264.67,Sports,1,10,Friday,210.225,1681.8,8,123.0,98.57142857142857,4
108,129,2024-01-14,162.5,Sports,0,1,Sunday,210.225,1681.8,8,93.0,98.57142857142857,4
499,129,2024-07-24,92.32,Sports,0,7,Wednesday,210.225,1681.8,8,192.0,98.57142857142857,4
223,129,2024-10-22,390.86,Sports,0,10,Tuesday,210.225,1681.8,8,90.0,98.57142857142857,4
268,129,2024-12-01,342.35,Fashion,0,12,Sunday,210.225,1681.8,8,40.0,98.57142857142857,4
220,130,2023-01-01,309.55,Fashion,0,1,Sunday,259.93375,2079.47,8,,73.57142857142857,4
59,130,2023-04-23,184.47,Fashion,1,4,Sunday,259.93375,2079.47,8,112.0,73.57142857142857,4
226,130,2023-05-17,305.96,Home,1,5,Wednesday,259.93375,2079.47,8,24.0,73.57142857142857,4
210,130,2023-10-23,88.05,Books,1,10,Monday,259.93375,2079.47,8,159.0,73.57142857142857,4
24,130,2023-12-16,302.18,Books,0,12,Saturday,259.93375,2079.47,8,54.0,73.57142857142857,4
400,130,2024-01-13,69.03,Fashion,0,1,Saturday,259.93375,2079.47,8,28.0,73.57142857142857,4
571,130,2024-01-24,416.06,Sports,0,1,Wednesday,259.93375,2079.47,8,11.0,73.57142857142857,4
962,130,2024-05-30,404.17,Sports,0,5,Thursday,259.93375,2079.47,8,127.0,73.57142857142857,4
293,131,2023-04-23,260.55,Electronics,0,4,Sunday,258.1616666666667,1548.97,6,,119.4,3
45,131,2023-07-13,106.41,Sports,0,7,Thursday,258.1616666666667,1548.97,6,81.0,119.4,3
211,131,2023-10-24,151.78,Electronics,0,10,Tuesday,258.1616666666667,1548.97,6,103.0,119.4,3
137,131,2024-01-26,378.5,Fashion,0,1,Friday,258.1616666666667,1548.97,6,94.0,119.4,3
711,131,2024-07-04,207.55,Electronics,1,7,Thursday,258.1616666666667,1548.97,6,160.0,119.4,3
17,131,2024-12-10,444.18,Sports,0,12,Tuesday,258.1616666666667,1548.97,6,159.0,119.4,3
685,132,2023-04-02,379.66,Books,0,4,Sunday,354.8514285714286,2483.96,7,,104.0,4
881,132,2023-08-30,478.8,Home,0,8,Wednesday,354.8514285714286,2483.96,7,150.0,104.0,4
73,132,2023-09-18,337.58,Home,0,9,Monday,354.8514285714286,2483.96,7,19.0,104.0,4
153,132,2024-02-15,341.65,Fashion,1,2,Thursday,354.8514285714286,2483.96,7,150.0,104.0,4
904,132,2024-07-06,149.1,Electronics,1,7,Saturday,354.8514285714286,2483.96,7,142.0,104.0,4
52,132,2024-10-06,349.26,Home,0,10,Sunday,354.8514285714286,2483.96,7,92.0,104.0,4
906,132,2024-12-16,447.91,Fashion,1,12,Monday,354.8514285714286,2483.96,7,71.0,104.0,4
654,133,2024-01-30,490.18,Fashion,1,1,Tuesday,338.296,1691.48,5,,81.5,3
929,133,2024-06-07,210.46,Sports,0,6,Friday,338.296,1691.48,5,129.0,81.5,3
814,133,2024-08-06,407.55,Sports,0,8,Tuesday,338.296,1691.48,5,60.0,81.5,3
879,133,2024-11-03,436.9,Books,0,11,Sunday,338.296,1691.48,5,89.0,81.5,3
849,133,2024-12-21,146.39,Fashion,0,12,Saturday,338.296,1691.48,5,48.0,81.5,3
721,134,2023-02-15,191.2,Fashion,0,2,Wednesday,247.165,988.66,4,,79.66666666666667,2
170,134,2023-06-06,460.52,Fashion,1,6,Tuesday,247.165,988.66,4,111.0,79.66666666666667,2
75,134,2023-06-21,199.66,Fashion,0,6,Wednesday,247.165,988.66,4,15.0,79.66666666666667,2
778,134,2023-10-12,137.28,Electronics,0,10,Thursday,247.165,988.66,4,113.0,79.66666666666667,2
47,135,2024-01-27,69.59,Books,0,1,Saturday,243.656,1218.28,5,,74.75,4
330,135,2024-05-14,440.53,Books,0,5,Tuesday,243.656,1218.28,5,108.0,74.75,4
416,135,2024-09-25,443.58,Sports,0,9,Wednesday,243.656,1218.28,5,134.0,74.75,4
582,135,2024-10-26,163.73,Electronics,0,10,Saturday,243.656,1218.28,5,31.0,74.75,4
121,135,2024-11-21,100.85,Home,0,11,Thursday,243.656,1218.28,5,26.0,74.75,4
678,136,2023-02-09,225.74,Home,0,2,Thursday,287.586,1437.93,5,,140.25,2
109,136,2023-03-19,331.56,Home,0,3,Sunday,287.586,1437.93,5,38.0,140.25,2
762,136,2023-10-12,120.68,Electronics,0,10,Thursday,287.586,1437.93,5,207.0,140.25,2
329,136,2024-03-27,469.5,Home,0,3,Wednesday,287.586,1437.93,5,167.0,140.25,2
113,136,2024-08-23,290.45,Home,0,8,Friday,287.586,1437.93,5,149.0,140.25,2
668,137,2023-02-09,281.65,Books,0,2,Thursday,217.772,1088.86,5,,145.75,5
193,137,2023-05-21,408.57,Fashion,0,5,Sunday,217.772,1088.86,5,101.0,145.75,5
486,137,2023-12-05,287.75,Home,0,12,Tuesday,217.772,1088.86,5,198.0,145.75,5
404,137,2023-12-08,56.68,Electronics,0,12,Friday,217.772,1088.86,5,3.0,145.75,5
143,137,2024-09-14,54.21,Sports,1,9,Saturday,217.772,1088.86,5,281.0,145.75,5
882,138,2023-01-02,32.07,Electronics,0,1,Monday,247.625,990.5,4,,236.0,2
533,138,2023-06-20,384.16,Electronics,0,6,Tuesday,247.625,990.5,4,169.0,236.0,2
992,138,2024-08-21,456.86,Electronics,0,8,Wednesday,247.625,990.5,4,428.0,236.0,2
592,138,2024-12-10,117.41,Fashion,1,12,Tuesday,247.625,990.5,4,111.0,236.0,2
111,139,2024-07-27,322.5,Sports,1,7,Saturday,262.085,524.17,2,,66.0,2
243,139,2024-10-01,201.67,Fashion,1,10,Tuesday,262.085,524.17,2,66.0,66.0,2
623,140,2023-04-09,26.43,Sports,1,4,Sunday,127.758,638.79,5,,140.5,3
638,140,2023-12-23,317.46,Sports,0,12,Saturday,127.758,638.79,5,258.0,140.5,3
285,140,2024-02-28,154.26,Electronics,0,2,Wednesday,127.758,638.79,5,67.0,140.5,3
548,140,2024-03-25,33.95,Fashion,1,3,Monday,127.758,638.79,5,26.0,140.5,3
487,140,2024-10-22,106.69,Electronics,0,10,Tuesday,127.758,638.79,5,211.0,140.5,3
618,141,2023-02-23,128.11,Fashion,0,2,Thursday,242.67399999999998,1213.37,5,,158.5,3
701,141,2023-05-13,97.58,Sports,0,5,Saturday,242.67399999999998,1213.37,5,79.0,158.5,3
567,141,2024-01-12,353.8,Books,0,1,Friday,242.67399999999998,1213.37,5,244.0,158.5,3
775,141,2024-06-21,413.24,Sports,0,6,Friday,242.67399999999998,1213.37,5,161.0,158.5,3
665,141,2024-11-18,220.64,Sports,0,11,Monday,242.67399999999998,1213.37,5,150.0,158.5,3
324,142,2023-03-29,131.62,Home,0,3,Wednesday,328.326,1641.63,5,,129.75,3
424,142,2024-01-06,405.02,Home,1,1,Saturday,328.326,1641.63,5,283.0,129.75,3
140,142,2024-03-23,414.75,Sports,1,3,Saturday,328.326,1641.63,5,77.0,129.75,3
652,142,2024-06-20,319.72,Books,0,6,Thursday,328.326,1641.63,5,89.0,129.75,3
856,142,2024-08-29,370.52,Sports,0,8,Thursday,328.326,1641.63,5,70.0,129.75,3
426,143,2023-05-29,37.07,Fashion,1,5,Monday,228.07000000000002,684.21,3,,211.5,3
155,143,2023-09-11,275.48,Sports,0,9,Monday,228.07000000000002,684.21,3,105.0,211.5,3
740,143,2024-07-25,371.66,Home,0,7,Thursday,228.07000000000002,684.21,3,318.0,211.5,3
277,144,2023-02-01,76.47,Sports,0,2,Wednesday,210.94,2109.4,10,,56.55555555555556,4
634,144,2023-04-30,148.71,Fashion,0,4,Sunday,210.94,2109.4,10,88.0,56.55555555555556,4
244,144,2023-06-28,194.21,Books,1,6,Wednesday,210.94,2109.4,10,59.0,56.55555555555556,4
902,144,2023-08-11,246.99,Books,1,8,Friday,210.94,2109.4,10,44.0,56.55555555555556,4
747,144,2023-08-30,375.07,Fashion,1,8,Wednesday,210.94,2109.4,10,19.0,56.55555555555556,4
423,144,2023-10-19,336.34,Fashion,0,10,Thursday,210.94,2109.4,10,50.0,56.55555555555556,4
510,144,2023-12-01,228.22,Fashion,0,12,Friday,210.94,2109.4,10,43.0,56.55555555555556,4
520,144,2024-01-07,169.25,Electronics,0,1,Sunday,210.94,2109.4,10,37.0,56.55555555555556,4
467,144,2024-05-12,200.48,Electronics,0,5,Sunday,210.94,2109.4,10,126.0,56.55555555555556,4
644,144,2024-06-24,133.66,Sports,0,6,Monday,210.94,2109.4,10,43.0,56.55555555555556,4
988,145,2023-01-21,275.6,Electronics,1,1,Saturday,217.38899999999998,2173.89,10,,63.111111111111114,4
822,145,2023-01-27,202.16,Sports,1,1,Friday,217.38899999999998,2173.89,10,6.0,63.111111111111114,4
236,145,2023-03-16,150.15,Electronics,0,3,Thursday,217.38899999999998,2173.89,10,48.0,63.111111111111114,4
772,145,2023-03-20,332.8,Electronics,1,3,Monday,217.38899999999998,2173.89,10,4.0,63.111111111111114,4
682,145,2023-05-27,66.83,Books,0,5,Saturday,217.38899999999998,2173.89,10,68.0,63.111111111111114,4
332,145,2023-07-01,428.7,Electronics,0,7,Saturday,217.38899999999998,2173.89,10,35.0,63.111111111111114,4
851,145,2023-10-01,292.24,Fashion,0,10,Sunday,217.38899999999998,2173.89,10,92.0,63.111111111111114,4
662,145,2024-03-29,107.85,Sports,0,3,Friday,217.38899999999998,2173.89,10,180.0,63.111111111111114,4
474,145,2024-06-07,258.1,Fashion,0,6,Friday,217.38899999999998,2173.89,10,70.0,63.111111111111114,4
884,145,2024-08-11,59.46,Sports,0,8,Sunday,217.38899999999998,2173.89,10,65.0,63.111111111111114,4
657,146,2023-02-07,111.77,Sports,1,2,Tuesday,206.4766666666667,1238.8600000000001,6,,109.6,3
81,146,2023-11-15,74.29,Home,0,11,Wednesday,206.4766666666667,1238.8600000000001,6,281.0,109.6,3
995,146,2023-11-30,243.97,Sports,1,11,Thursday,206.4766666666667,1238.8600000000001,6,15.0,109.6,3
794,146,2024-01-17,374.86,Home,0,1,Wednesday,206.4766666666667,1238.8600000000001,6,48.0,109.6,3
312,146,2024-03-18,170.59,Books,0,3,Monday,206.4766666666667,1238.8600000000001,6,61.0,109.6,3
736,146,2024-08-08,263.38,Books,1,8,Thursday,206.4766666666667,1238.8600000000001,6,143.0,109.6,3
254,147,2023-03-04,216.55,Books,1,3,Saturday,200.906,2009.06,10,,56.666666666666664,5
473,147,2023-04-12,344.47,Electronics,0,4,Wednesday,200.906,2009.06,10,39.0,56.666666666666664,5
257,147,2023-06-05,20.59,Home,1,6,Monday,200.906,2009.06,10,54.0,56.666666666666664,5
534,147,2023-07-02,345.62,Sports,1,7,Sunday,200.906,2009.06,10,27.0,56.666666666666664,5
291,147,2023-07-13,291.96,Electronics,1,7,Thursday,200.906,2009.06,10,11.0,56.666666666666664,5
357,147,2023-08-14,103.4,Books,0,8,Monday,200.906,2009.06,10,32.0,56.666666666666664,5
919,147,2024-01-25,303.62,Electronics,1,1,Thursday,200.906,2009.06,10,164.0,56.666666666666664,5
224,147,2024-03-06,147.15,Home,0,3,Wednesday,200.906,2009.06,10,41.0,56.666666666666664,5
733,147,2024-04-11,194.29,Electronics,1,4,Thursday,200.906,2009.06,10,36.0,56.666666666666664,5
625,147,2024-07-26,41.41,Fashion,1,7,Friday,200.906,2009.06,10,106.0,56.666666666666664,5
294,148,2023-04-24,210.65,Books,0,4,Monday,213.462,1067.31,5,,105.25,3
327,148,2023-04-30,78.58,Books,1,4,Sunday,213.462,1067.31,5,6.0,105.25,3
251,148,2023-06-10,324.78,Electronics,0,6,Saturday,213.462,1067.31,5,41.0,105.25,3
258,148,2024-04-13,164.41,Books,1,4,Saturday,213.462,1067.31,5,308.0,105.25,3
704,148,2024-06-18,288.89,Sports,0,6,Tuesday,213.462,1067.31,5,66.0,105.25,3
926,149,2023-01-14,242.17,Home,0,1,Saturday,287.7766666666667,863.33,3,,255.0,3
729,149,2024-03-23,234.85,Electronics,1,3,Saturday,287.7766666666667,863.33,3,434.0,255.0,3
809,149,2024-06-07,386.31,Fashion,0,6,Friday,287.7766666666667,863.33,3,76.0,255.0,3
439,150,2024-02-10,223.66,Sports,1,2,Saturday,227.915,455.83,2,,176.0,1
18,150,2024-08-04,232.17,Sports,1,8,Sunday,227.915,455.83,2,176.0,176.0,1
396,151,2023-02-03,432.59,Books,1,2,Friday,303.9766666666667,2735.79,9,,84.625,4
272,151,2023-05-21,435.05,Books,1,5,Sunday,303.9766666666667,2735.79,9,107.0,84.625,4
972,151,2023-09-07,330.13,Fashion,0,9,Thursday,303.9766666666667,2735.79,9,109.0,84.625,4
154,151,2023-10-16,466.21,Sports,0,10,Monday,303.9766666666667,2735.79,9,39.0,84.625,4
897,151,2023-11-13,132.41,Home,0,11,Monday,303.9766666666667,2735.79,9,28.0,84.625,4
854,151,2024-01-01,55.64,Fashion,1,1,Monday,303.9766666666667,2735.79,9,49.0,84.625,4
643,151,2024-09-26,61.48,Home,0,9,Thursday,303.9766666666667,2735.79,9,269.0,84.625,4
127,151,2024-10-26,426.64,Books,1,10,Saturday,303.9766666666667,2735.79,9,30.0,84.625,4
601,151,2024-12-11,395.64,Books,1,12,Wednesday,303.9766666666667,2735.79,9,46.0,84.625,4
754,152,2023-01-22,498.6,Books,1,1,Sunday,288.9455555555556,2600.51,9,,82.625,5
299,152,2023-02-24,366.28,Home,1,2,Friday,288.9455555555556,2600.51,9,33.0,82.625,5
547,152,2023-04-18,105.62,Books,0,4,Tuesday,288.9455555555556,2600.51,9,53.0,82.625,5
600,152,2023-06-02,466.22,Sports,0,6,Friday,288.9455555555556,2600.51,9,45.0,82.625,5
295,152,2023-08-10,279.07,Sports,1,8,Thursday,288.9455555555556,2600.51,9,69.0,82.625,5
16,152,2023-10-04,132.64,Electronics,0,10,Wednesday,288.9455555555556,2600.51,9,55.0,82.625,5
594,152,2023-11-15,490.23,Electronics,1,11,Wednesday,288.9455555555556,2600.51,9,42.0,82.625,5
413,152,2024-02-05,128.94,Fashion,1,2,Monday,288.9455555555556,2600.51,9,82.0,82.625,5
198,152,2024-11-13,132.91,Electronics,0,11,Wednesday,288.9455555555556,2600.51,9,282.0,82.625,5
310,153,2023-01-08,296.08,Fashion,0,1,Sunday,248.37399999999997,1241.87,5,,169.25,3
783,153,2023-02-08,454.57,Books,0,2,Wednesday,248.37399999999997,1241.87,5,31.0,169.25,3
434,153,2023-11-06,190.32,Sports,0,11,Monday,248.37399999999997,1241.87,5,271.0,169.25,3
716,153,2024-08-11,64.84,Sports,0,8,Sunday,248.37399999999997,1241.87,5,279.0,169.25,3
412,153,2024-11-15,236.06,Sports,0,11,Friday,248.37399999999997,1241.87,5,96.0,169.25,3
577,154,2024-01-11,198.28,Sports,1,1,Thursday,251.66,1258.3,5,,75.5,4
964,154,2024-01-17,64.3,Electronics,0,1,Wednesday,251.66,1258.3,5,6.0,75.5,4
509,154,2024-01-26,441.03,Books,0,1,Friday,251.66,1258.3,5,9.0,75.5,4
96,154,2024-06-30,63.43,Home,1,6,Sunday,251.66,1258.3,5,156.0,75.5,4
839,154,2024-11-08,491.26,Books,0,11,Friday,251.66,1258.3,5,131.0,75.5,4
770,155,2023-02-02,494.27,Sports,0,2,Thursday,292.356,1461.78,5,,163.0,4
912,155,2023-04-21,245.43,Books,0,4,Friday,292.356,1461.78,5,78.0,163.0,4
399,155,2023-06-02,83.91,Sports,0,6,Friday,292.356,1461.78,5,42.0,163.0,4
192,155,2023-08-06,342.28,Home,1,8,Sunday,292.356,1461.78,5,65.0,163.0,4
937,155,2024-11-15,295.89,Fashion,0,11,Friday,292.356,1461.78,5,467.0,163.0,4
755,156,2024-04-18,490.3,Electronics,0,4,Thursday,490.3,490.3,1,,,1
587,157,2023-12-10,349.24,Books,0,12,Sunday,292.8666666666667,878.6,3,,114.0,2
774,157,2024-07-23,142.07,Home,1,7,Tuesday,292.8666666666667,878.6,3,226.0,114.0,2
100,157,2024-07-25,387.29,Home,1,7,Thursday,292.8666666666667,878.6,3,2.0,114.0,2
22,158,2023-12-16,89.96,Books,0,12,Saturday,216.805,867.22,4,,121.33333333333333,4
472,158,2024-04-22,465.59,Fashion,0,4,Monday,216.805,867.22,4,128.0,121.33333333333333,4
340,158,2024-09-15,121.64,Sports,0,9,Sunday,216.805,867.22,4,146.0,121.33333333333333,4
364,158,2024-12-14,190.03,Electronics,1,12,Saturday,216.805,867.22,4,90.0,121.33333333333333,4
273,159,2023-08-03,312.07,Sports,0,8,Thursday,266.52666666666664,799.5799999999999,3,,178.0,2
741,159,2023-12-01,413.78,Sports,0,12,Friday,266.52666666666664,799.5799999999999,3,120.0,178.0,2
688,159,2024-07-24,73.73,Electronics,1,7,Wednesday,266.52666666666664,799.5799999999999,3,236.0,178.0,2
725,160,2023-01-17,328.48,Electronics,1,1,Tuesday,279.6166666666667,2516.55,9,,81.125,4
380,160,2023-10-05,322.06,Sports,1,10,Thursday,279.6166666666667,2516.55,9,261.0,81.125,4
229,160,2023-11-09,184.91,Books,0,11,Thursday,279.6166666666667,2516.55,9,35.0,81.125,4
201,160,2023-11-20,276.97,Home,0,11,Monday,279.6166666666667,2516.55,9,11.0,81.125,4
914,160,2024-01-18,247.03,Sports,1,1,Thursday,279.6166666666667,2516.55,9,59.0,81.125,4
545,160,2024-05-07,338.26,Books,0,5,Tuesday,279.6166666666667,2516.55,9,110.0,81.125,4
288,160,2024-08-12,97.65,Books,0,8,Monday,279.6166666666667,2516.55,9,97.0,81.125,4
160,160,2024-09-26,488.83,Electronics,0,9,Thursday,279.6166666666667,2516.55,9,45.0,81.125,4
231,160,2024-10-27,232.36,Books,0,10,Sunday,279.6166666666667,2516.55,9,31.0,81.125,4
381,161,2023-08-23,115.45,Electronics,0,8,Wednesday,215.7027272727273,2372.73,11,,45.4,5
28,161,2023-08-31,202.09,Home,0,8,Thursday,215.7027272727273,2372.73,11,8.0,45.4,5
553,161,2023-09-08,439.65,Fashion,0,9,Friday,215.7027272727273,2372.73,11,8.0,45.4,5
804,161,2023-09-14,183.38,Fashion,1,9,Thursday,215.7027272727273,2372.73,11,6.0,45.4,5
298,161,2023-09-21,275.59,Sports,1,9,Thursday,215.7027272727273,2372.73,11,7.0,45.4,5
321,161,2023-09-21,78.45,Books,0,9,Thursday,215.7027272727273,2372.73,11,0.0,45.4,5
718,161,2023-10-22,113.89,Books,0,10,Sunday,215.7027272727273,2372.73,11,31.0,45.4,5
561,161,2023-11-14,307.7,Home,1,11,Tuesday,215.7027272727273,2372.73,11,23.0,45.4,5
773,161,2024-04-03,170.75,Home,0,4,Wednesday,215.7027272727273,2372.73,11,141.0,45.4,5
403,161,2024-09-20,408.26,Home,0,9,Friday,215.7027272727273,2372.73,11,170.0,45.4,5
262,161,2024-11-19,77.52,Electronics,0,11,Tuesday,215.7027272727273,2372.73,11,60.0,45.4,5
124,162,2023-01-23,260.21,Electronics,1,1,Monday,361.02250000000004,1444.0900000000001,4,,234.33333333333334,3
579,162,2023-11-20,404.66,Home,0,11,Monday,361.02250000000004,1444.0900000000001,4,301.0,234.33333333333334,3
83,162,2023-11-25,460.97,Electronics,0,11,Saturday,361.02250000000004,1444.0900000000001,4,5.0,234.33333333333334,3
840,162,2024-12-26,318.25,Sports,0,12,Thursday,361.02250000000004,1444.0900000000001,4,397.0,234.33333333333334,3
114,163,2023-02-11,202.6,Books,0,2,Saturday,231.96599999999998,1159.83,5,,46.0,5
318,163,2023-02-20,477.34,Electronics,0,2,Monday,231.96599999999998,1159.83,5,9.0,46.0,5
115,163,2023-03-30,283.28,Fashion,0,3,Thursday,231.96599999999998,1159.83,5,38.0,46.0,5
550,163,2023-06-19,107.03,Home,1,6,Monday,231.96599999999998,1159.83,5,81.0,46.0,5
655,163,2023-08-14,89.58,Sports,1,8,Monday,231.96599999999998,1159.83,5,56.0,46.0,5
304,164,2023-03-28,30.99,Electronics,0,3,Tuesday,209.82714285714286,1468.79,7,,102.83333333333333,4
589,164,2023-07-06,378.67,Sports,1,7,Thursday,209.82714285714286,1468.79,7,100.0,102.83333333333333,4
253,164,2023-10-12,101.83,Electronics,0,10,Thursday,209.82714285714286,1468.79,7,98.0,102.83333333333333,4
732,164,2023-11-22,314.47,Sports,0,11,Wednesday,209.82714285714286,1468.79,7,41.0,102.83333333333333,4
591,164,2024-01-15,476.15,Home,0,1,Monday,209.82714285714286,1468.79,7,54.0,102.83333333333333,4
70,164,2024-11-03,132.59,Fashion,1,11,Sunday,209.82714285714286,1468.79,7,293.0,102.83333333333333,4
760,164,2024-12-04,34.09,Home,0,12,Wednesday,209.82714285714286,1468.79,7,31.0,102.83333333333333,4
195,165,2023-07-29,91.86,Books,0,7,Saturday,169.07000000000002,507.21000000000004,3,,155.0,1
675,165,2023-11-19,314.19,Books,0,11,Sunday,169.07000000000002,507.21000000000004,3,113.0,155.0,1
820,165,2024-06-03,101.16,Books,0,6,Monday,169.07000000000002,507.21000000000004,3,197.0,155.0,1
305,166,2023-02-24,93.82,Home,0,2,Friday,130.342,651.71,5,,168.5,4
719,166,2023-08-12,109.63,Electronics,0,8,Saturday,130.342,651.71,5,169.0,168.5,4
873,166,2024-04-07,141.11,Fashion,0,4,Sunday,130.342,651.71,5,239.0,168.5,4
676,166,2024-07-21,128.55,Fashion,0,7,Sunday,130.342,651.71,5,105.0,168.5,4
861,166,2024-12-29,178.6,Sports,0,12,Sunday,130.342,651.71,5,161.0,168.5,4
651,167,2023-02-09,398.1,Books,0,2,Thursday,244.22250000000003,976.8900000000001,4,,217.66666666666666,4
50,167,2023-06-22,210.74,Home,0,6,Thursday,244.22250000000003,976.8900000000001,4,133.0,217.66666666666666,4
709,167,2024-03-12,184.96,Fashion,0,3,Tuesday,244.22250000000003,976.8900000000001,4,264.0,217.66666666666666,4
693,167,2024-11-23,183.09,Electronics,0,11,Saturday,244.22250000000003,976.8900000000001,4,256.0,217.66666666666666,4
465,168,2023-02-08,307.3,Home,1,2,Wednesday,291.6425,1166.57,4,,184.66666666666666,3
263,168,2023-05-28,487.6,Fashion,0,5,Sunday,291.6425,1166.57,4,109.0,184.66666666666666,3
562,168,2023-09-02,309.03,Sports,0,9,Saturday,291.6425,1166.57,4,97.0,184.66666666666666,3
666,168,2024-08-15,62.64,Fashion,0,8,Thursday,291.6425,1166.57,4,348.0,184.66666666666666,3
320,169,2024-08-26,339.83,Fashion,1,8,Monday,339.83,339.83,1,,,1
34,170,2023-01-06,234.26,Home,0,1,Friday,332.415,1994.49,6,,101.8,3
166,170,2023-01-15,108.6,Electronics,0,1,Sunday,332.415,1994.49,6,9.0,101.8,3
667,170,2023-04-24,348.2,Home,0,4,Monday,332.415,1994.49,6,99.0,101.8,3
408,170,2023-06-17,394.96,Home,0,6,Saturday,332.415,1994.49,6,54.0,101.8,3
445,170,2024-04-11,488.48,Books,0,4,Thursday,332.415,1994.49,6,299.0,101.8,3
923,170,2024-05-29,419.99,Electronics,0,5,Wednesday,332.415,1994.49,6,48.0,101.8,3
156,171,2023-07-15,298.85,Sports,0,7,Saturday,184.42000000000002,368.84000000000003,2,,220.0,2
556,171,2024-02-20,69.99,Fashion,1,2,Tuesday,184.42000000000002,368.84000000000003,2,220.0,220.0,2
65,172,2023-11-16,371.79,Fashion,0,11,Thursday,217.368,1086.84,5,,74.0,3
228,172,2024-03-11,196.14,Books,1,3,Monday,217.368,1086.84,5,116.0,74.0,3
363,172,2024-08-15,333.96,Electronics,0,8,Thursday,217.368,1086.84,5,157.0,74.0,3
131,172,2024-09-07,91.52,Electronics,1,9,Saturday,217.368,1086.84,5,23.0,74.0,3
197,172,2024-09-07,93.43,Fashion,1,9,Saturday,217.368,1086.84,5,0.0,74.0,3
700,173,2023-01-07,336.62,Sports,1,1,Saturday,220.654,1103.27,5,,171.5,4
419,173,2023-05-10,232.77,Fashion,0,5,Wednesday,220.654,1103.27,5,123.0,171.5,4
724,173,2023-08-21,169.93,Fashion,0,8,Monday,220.654,1103.27,5,103.0,171.5,4
726,173,2023-12-26,114.0,Electronics,0,12,Tuesday,220.654,1103.27,5,127.0,171.5,4
828,173,2024-11-23,249.95,Books,0,11,Saturday,220.654,1103.27,5,333.0,171.5,4
390,174,2023-03-16,81.06,Fashion,0,3,Thursday,223.33,446.66,2,,241.0,2
664,174,2023-11-12,365.6,Home,0,11,Sunday,223.33,446.66,2,241.0,241.0,2
67,175,2023-05-19,110.41,Fashion,0,5,Friday,324.2175,1296.87,4,,169.0,3
394,175,2023-12-22,409.13,Fashion,0,12,Friday,324.2175,1296.87,4,217.0,169.0,3
136,175,2024-08-01,283.72,Books,0,8,Thursday,324.2175,1296.87,4,223.0,169.0,3
39,175,2024-10-07,493.61,Electronics,0,10,Monday,324.2175,1296.87,4,67.0,169.0,3
406,176,2023-10-14,466.55,Sports,0,10,Saturday,384.0366666666667,1152.1100000000001,3,,57.5,3
335,176,2023-11-26,309.23,Electronics,1,11,Sunday,384.0366666666667,1152.1100000000001,3,43.0,57.5,3
521,176,2024-02-06,376.33,Home,0,2,Tuesday,384.0366666666667,1152.1100000000001,3,72.0,57.5,3
934,177,2023-05-27,412.74,Fashion,0,5,Saturday,271.952,1359.76,5,,135.5,4
596,177,2023-12-10,356.12,Books,0,12,Sunday,271.952,1359.76,5,197.0,135.5,4
795,177,2024-03-15,71.04,Home,0,3,Friday,271.952,1359.76,5,96.0,135.5,4
803,177,2024-05-21,57.0,Sports,1,5,Tuesday,271.952,1359.76,5,67.0,135.5,4
621,177,2024-11-19,462.86,Fashion,0,11,Tuesday,271.952,1359.76,5,182.0,135.5,4
915,178,2023-01-07,318.81,Fashion,0,1,Saturday,297.88599999999997,1489.4299999999998,5,,80.0,3
765,178,2023-08-15,181.68,Electronics,1,8,Tuesday,297.88599999999997,1489.4299999999998,5,220.0,80.0,3
669,178,2023-10-28,490.65,Electronics,1,10,Saturday,297.88599999999997,1489.4299999999998,5,74.0,80.0,3
549,178,2023-11-07,100.1,Electronics,0,11,Tuesday,297.88599999999997,1489.4299999999998,5,10.0,80.0,3
271,178,2023-11-23,398.19,Sports,0,11,Thursday,297.88599999999997,1489.4299999999998,5,16.0,80.0,3
859,179,2023-01-11,441.07,Fashion,0,1,Wednesday,310.864,1554.32,5,,154.5,2
555,179,2023-10-01,367.23,Books,1,10,Sunday,310.864,1554.32,5,263.0,154.5,2
148,179,2024-02-24,250.01,Fashion,0,2,Saturday,310.864,1554.32,5,146.0,154.5,2
870,179,2024-08-10,398.8,Fashion,0,8,Saturday,310.864,1554.32,5,168.0,154.5,2
511,179,2024-09-20,97.21,Fashion,1,9,Friday,310.864,1554.32,5,41.0,154.5,2
203,180,2023-05-07,169.89,Fashion,0,5,Sunday,183.415,1100.49,6,,93.6,3
532,180,2023-05-11,379.78,Fashion,1,5,Thursday,183.415,1100.49,6,4.0,93.6,3
444,180,2023-05-28,129.36,Electronics,0,5,Sunday,183.415,1100.49,6,17.0,93.6,3
955,180,2023-07-26,21.01,Electronics,0,7,Wednesday,183.415,1100.49,6,59.0,93.6,3
640,180,2023-09-24,186.04,Home,0,9,Sunday,183.415,1100.49,6,60.0,93.6,3
2,180,2024-08-17,214.41,Electronics,0,8,Saturday,183.415,1100.49,6,328.0,93.6,3
648,181,2023-06-19,443.43,Books,0,6,Monday,358.41,1075.23,3,,243.5,3
374,181,2024-06-04,299.43,Fashion,0,6,Tuesday,358.41,1075.23,3,351.0,243.5,3
817,181,2024-10-18,332.37,Sports,1,10,Friday,358.41,1075.23,3,136.0,243.5,3
692,182,2023-12-11,258.68,Books,0,12,Monday,236.60666666666668,709.82,3,,177.5,2
841,182,2024-05-15,288.41,Home,1,5,Wednesday,236.60666666666668,709.82,3,156.0,177.5,2
344,182,2024-11-30,162.73,Books,1,11,Saturday,236.60666666666668,709.82,3,199.0,177.5,2
233,183,2023-09-01,341.41,Home,0,9,Friday,281.1825,1124.73,4,,130.33333333333334,3
480,183,2024-07-22,144.05,Home,1,7,Monday,281.1825,1124.73,4,325.0,130.33333333333334,3
606,183,2024-07-28,241.63,Fashion,0,7,Sunday,281.1825,1124.73,4,6.0,130.33333333333334,3
898,183,2024-09-26,397.64,Sports,0,9,Thursday,281.1825,1124.73,4,60.0,130.33333333333334,3
883,184,2023-08-13,353.34,Sports,0,8,Sunday,165.5725,662.29,4,,104.0,3
907,184,2023-09-21,21.4,Electronics,0,9,Thursday,165.5725,662.29,4,39.0,104.0,3
215,184,2024-02-09,233.98,Sports,0,2,Friday,165.5725,662.29,4,141.0,104.0,3
234,184,2024-06-20,53.57,Home,0,6,Thursday,165.5725,662.29,4,132.0,104.0,3
513,185,2023-05-17,409.64,Home,0,5,Wednesday,218.68166666666664,1312.09,6,,100.0,3
169,185,2023-09-18,108.91,Home,0,9,Monday,218.68166666666664,1312.09,6,124.0,100.0,3
748,185,2023-11-20,173.44,Books,0,11,Monday,218.68166666666664,1312.09,6,63.0,100.0,3
735,185,2024-03-30,101.05,Books,0,3,Saturday,218.68166666666664,1312.09,6,131.0,100.0,3
270,185,2024-07-14,143.38,Sports,0,7,Sunday,218.68166666666664,1312.09,6,106.0,100.0,3
982,185,2024-09-28,375.67,Home,0,9,Saturday,218.68166666666664,1312.09,6,76.0,100.0,3
435,186,2023-04-08,217.82,Home,1,4,Saturday,338.4483333333333,2030.69,6,,123.6,3
535,186,2023-12-30,383.01,Home,0,12,Saturday,338.4483333333333,2030.69,6,266.0,123.6,3
206,186,2024-01-13,326.22,Home,0,1,Saturday,338.4483333333333,2030.69,6,14.0,123.6,3
650,186,2024-04-07,417.38,Fashion,0,4,Sunday,338.4483333333333,2030.69,6,85.0,123.6,3
661,186,2024-08-24,484.33,Home,0,8,Saturday,338.4483333333333,2030.69,6,139.0,123.6,3
763,186,2024-12-16,201.93,Sports,0,12,Monday,338.4483333333333,2030.69,6,114.0,123.6,3
247,187,2023-01-25,180.11,Home,1,1,Wednesday,203.25142857142856,1422.76,7,,108.0,3
619,187,2023-02-16,83.05,Electronics,0,2,Thursday,203.25142857142856,1422.76,7,22.0,108.0,3
966,187,2023-06-01,283.8,Home,0,6,Thursday,203.25142857142856,1422.76,7,105.0,108.0,3
162,187,2023-06-08,270.79,Home,1,6,Thursday,203.25142857142856,1422.76,7,7.0,108.0,3
252,187,2023-06-26,382.32,Electronics,0,6,Monday,203.25142857142856,1422.76,7,18.0,108.0,3
217,187,2024-09-13,27.59,Electronics,0,9,Friday,203.25142857142856,1422.76,7,445.0,108.0,3
336,187,2024-11-03,195.1,Sports,0,11,Sunday,203.25142857142856,1422.76,7,51.0,108.0,3
63,188,2023-03-31,88.9,Books,0,3,Friday,214.29,1285.74,6,,114.8,5
377,188,2023-10-08,317.1,Sports,0,10,Sunday,214.29,1285.74,6,191.0,114.8,5
35,188,2023-11-18,434.82,Home,0,11,Saturday,214.29,1285.74,6,41.0,114.8,5
449,188,2023-12-31,145.14,Books,0,12,Sunday,214.29,1285.74,6,43.0,114.8,5
97,188,2024-05-27,158.57,Fashion,0,5,Monday,214.29,1285.74,6,148.0,114.8,5
26,188,2024-10-25,141.21,Electronics,0,10,Friday,214.29,1285.74,6,151.0,114.8,5
624,189,2023-01-20,155.72,Sports,0,1,Friday,312.93333333333334,1877.6,6,,134.4,4
554,189,2023-05-21,264.85,Fashion,0,5,Sunday,312.93333333333334,1877.6,6,121.0,134.4,4
690,189,2023-12-29,489.47,Electronics,1,12,Friday,312.93333333333334,1877.6,6,222.0,134.4,4
501,189,2024-06-21,218.44,Home,1,6,Friday,312.93333333333334,1877.6,6,175.0,134.4,4
319,189,2024-08-31,416.1,Fashion,0,8,Saturday,312.93333333333334,1877.6,6,71.0,134.4,4
7,189,2024-11-22,333.02,Fashion,0,11,Friday,312.93333333333334,1877.6,6,83.0,134.4,4
38,190,2023-01-04,36.41,Electronics,0,1,Wednesday,231.16538461538462,3005.15,13,,54.666666666666664,4
37,190,2023-03-16,279.15,Home,0,3,Thursday,231.16538461538462,3005.15,13,71.0,54.666666666666664,4
40,190,2023-04-28,79.03,Books,1,4,Friday,231.16538461538462,3005.15,13,43.0,54.666666666666664,4
185,190,2023-05-14,454.83,Home,0,5,Sunday,231.16538461538462,3005.15,13,16.0,54.666666666666664,4
90,190,2023-08-24,96.46,Books,0,8,Thursday,231.16538461538462,3005.15,13,102.0,54.666666666666664,4
713,190,2023-12-22,198.53,Home,0,12,Friday,231.16538461538462,3005.15,13,120.0,54.666666666666664,4
830,190,2024-01-13,222.29,Electronics,0,1,Saturday,231.16538461538462,3005.15,13,22.0,54.666666666666664,4
84,190,2024-07-03,308.29,Books,0,7,Wednesday,231.16538461538462,3005.15,13,172.0,54.666666666666664,4
602,190,2024-07-17,46.95,Home,1,7,Wednesday,231.16538461538462,3005.15,13,14.0,54.666666666666664,4
518,190,2024-08-16,442.31,Sports,1,8,Friday,231.16538461538462,3005.15,13,30.0,54.666666666666664,4
437,190,2024-09-14,418.66,Sports,0,9,Saturday,231.16538461538462,3005.15,13,29.0,54.666666666666664,4
177,190,2024-09-18,21.24,Sports,1,9,Wednesday,231.16538461538462,3005.15,13,4.0,54.666666666666664,4
181,190,2024-10-21,401.0,Electronics,0,10,Monday,231.16538461538462,3005.15,13,33.0,54.666666666666664,4
871,191,2023-02-15,295.21,Electronics,0,2,Wednesday,379.54285714285714,2656.8,7,,100.0,3
431,191,2023-04-23,485.96,Fashion,0,4,Sunday,379.54285714285714,2656.8,7,67.0,100.0,3
379,191,2023-07-20,420.47,Books,1,7,Thursday,379.54285714285714,2656.8,7,88.0,100.0,3
714,191,2023-09-15,236.81,Electronics,0,9,Friday,379.54285714285714,2656.8,7,57.0,100.0,3
503,191,2023-10-15,376.84,Fashion,0,10,Sunday,379.54285714285714,2656.8,7,30.0,100.0,3
80,191,2023-11-17,388.89,Books,0,11,Friday,379.54285714285714,2656.8,7,33.0,100.0,3
771,191,2024-10-07,452.62,Fashion,1,10,Monday,379.54285714285714,2656.8,7,325.0,100.0,3
769,192,2023-01-29,384.6,Sports,0,1,Sunday,286.71625,2293.73,8,,82.57142857142857,4
502,192,2023-02-16,383.93,Electronics,1,2,Thursday,286.71625,2293.73,8,18.0,82.57142857142857,4
862,192,2023-04-12,183.39,Electronics,0,4,Wednesday,286.71625,2293.73,8,55.0,82.57142857142857,4
978,192,2023-10-22,75.55,Home,0,10,Sunday,286.71625,2293.73,8,193.0,82.57142857142857,4
595,192,2023-10-29,99.34,Electronics,0,10,Sunday,286.71625,2293.73,8,7.0,82.57142857142857,4
353,192,2024-01-31,323.93,Sports,1,1,Wednesday,286.71625,2293.73,8,94.0,82.57142857142857,4
360,192,2024-05-20,367.67,Books,1,5,Monday,286.71625,2293.73,8,110.0,82.57142857142857,4
25,192,2024-08-29,475.32,Electronics,0,8,Thursday,286.71625,2293.73,8,101.0,82.57142857142857,4
847,193,2023-03-05,77.72,Electronics,0,3,Sunday,119.85666666666667,359.57,3,,247.0,3
134,193,2023-07-17,248.81,Home,1,7,Monday,119.85666666666667,359.57,3,134.0,247.0,3
831,193,2024-07-11,33.04,Fashion,0,7,Thursday,119.85666666666667,359.57,3,360.0,247.0,3
397,194,2023-01-17,208.35,Fashion,0,1,Tuesday,303.122,1515.6100000000001,5,,83.0,3
892,194,2023-05-02,233.72,Home,1,5,Tuesday,303.122,1515.6100000000001,5,105.0,83.0,3
316,194,2023-08-17,418.08,Home,0,8,Thursday,303.122,1515.6100000000001,5,107.0,83.0,3
784,194,2023-09-28,375.04,Home,0,9,Thursday,303.122,1515.6100000000001,5,42.0,83.0,3
672,194,2023-12-15,280.42,Books,0,12,Friday,303.122,1515.6100000000001,5,78.0,83.0,3
507,195,2023-03-27,65.0,Fashion,0,3,Monday,192.99833333333333,1157.99,6,,122.8,3
331,195,2023-06-14,153.32,Books,0,6,Wednesday,192.99833333333333,1157.99,6,79.0,122.8,3
909,195,2023-11-14,309.95,Books,0,11,Tuesday,192.99833333333333,1157.99,6,153.0,122.8,3
911,195,2023-11-14,134.65,Home,1,11,Tuesday,192.99833333333333,1157.99,6,0.0,122.8,3
256,195,2024-10-27,414.47,Books,1,10,Sunday,192.99833333333333,1157.99,6,348.0,122.8,3
699,195,2024-11-30,80.6,Home,0,11,Saturday,192.99833333333333,1157.99,6,34.0,122.8,3
457,196,2023-10-23,74.7,Sports,0,10,Monday,88.985,177.97,2,,136.0,2
583,196,2024-03-07,103.27,Books,1,3,Thursday,88.985,177.97,2,136.0,136.0,2
286,197,2023-01-19,472.35,Electronics,1,1,Thursday,351.348,1756.74,5,,128.25,3
812,197,2023-07-27,453.73,Fashion,0,7,Thursday,351.348,1756.74,5,189.0,128.25,3
519,197,2023-08-11,335.63,Electronics,0,8,Friday,351.348,1756.74,5,15.0,128.25,3
781,197,2024-02-01,365.16,Sports,0,2,Thursday,351.348,1756.74,5,174.0,128.25,3
354,197,2024-06-15,129.87,Electronics,1,6,Saturday,351.348,1756.74,5,135.0,128.25,3
230,198,2023-04-27,316.23,Fashion,0,4,Thursday,244.23,732.6899999999999,3,,206.0,2
190,198,2023-12-29,371.34,Books,0,12,Friday,244.23,732.6899999999999,3,246.0,206.0,2
242,198,2024-06-12,45.12,Fashion,0,6,Wednesday,244.23,732.6899999999999,3,166.0,206.0,2
260,199,2023-03-25,247.95,Electronics,0,3,Saturday,290.45,871.35,3,,303.0,2
64,199,2024-10-15,471.11,Books,0,10,Tuesday,290.45,871.35,3,570.0,303.0,2
628,199,2024-11-20,152.29,Electronics,1,11,Wednesday,290.45,871.35,3,36.0,303.0,2
89,200,2023-11-14,187.32,Electronics,1,11,Tuesday,307.826,1539.13,5,,27.0,2
303,200,2024-01-15,174.81,Home,0,1,Monday,307.826,1539.13,5,62.0,27.0,2
191,200,2024-01-31,428.56,Home,0,1,Wednesday,307.826,1539.13,5,16.0,27.0,2
752,200,2024-02-05,368.09,Home,0,2,Monday,307.826,1539.13,5,5.0,27.0,2
705,200,2024-03-01,380.35,Electronics,1,3,Friday,307.826,1539.13,5,25.0,27.0,2
